"raw.x","raw.y","pass"
"2P OR NOT 2P TUPPENCE BASED SERS FOR THE DETECTION OF ILLICIT MATERIALS","2P OR NOT 2P TUPPENCE BASED SERS FOR THE DETECTION OF ILLICIT MATERIALS","Duplicate"
"A 3 YEAR REVIEW OF NEW PSYCHOACTIVE SUBSTANCES IN CASEWORK","A 3 YEAR REVIEW OF NEW PSYCHOACTIVE SUBSTANCES IN CASEWORK","Duplicate"
"A CALCULATION OF THE THEORETICAL SIGNIFICANCE OF MATCHED BULLETS","A CALCULATION OF THE THEORETICAL SIGNIFICANCE OF MATCHED BULLETS","Duplicate"
"A CLUSTER OF FENTANYL LACED HEROIN DEATHS IN 2015 IN MELBOURNE AUSTRALIA","A CLUSTER OF FENTANYL LACED HEROIN DEATHS IN 2015 IN MELBOURNE AUSTRALIA","Duplicate"
"A COMPARISON OF SMOKELESS POWDERS AND MIXTURES BY CAPILLARY ZONE ELECTROPHORESIS","A COMPARISON OF SMOKELESS POWDERS AND MIXTURES BY CAPILLARY ZONE ELECTROPHORESIS","Duplicate"
"A FATAL POISONING INVOLVING BROMO DRAGONFLY","A FATAL POISONING INVOLVING BROMO DRAGONFLY","Duplicate"
"A FOXY INTOXICATION","A FOXY INTOXICATION","Duplicate"
"A GENERAL SCREENING AND CONFIRMATION APPROACH TO THE ANALYSIS OF DESIGNER TRYPTAMINES AND PHENETHYLAMINES IN BLOOD AND URINE USING GC EI MS AND HPLC ELECTROSPRAY MS","A GENERAL SCREENING AND CONFIRMATION APPROACH TO THE ANALYSIS OF DESIGNER TRYPTAMINES AND PHENETHYLAMINES IN BLOOD AND URINE USING GC EI MS AND HPLC ELECTROSPRAY MS","Duplicate"
"A NEW GC MS METHOD FOR THE DETERMINATION OF FIVE AMPHETAMINES IN HUMAN HAIR","A NEW GC MS METHOD FOR THE DETERMINATION OF FIVE AMPHETAMINES IN HUMAN HAIR","Duplicate"
"A NON FATAL INTOXICATION AND SEVEN DEATHS INVOLVING THE DISSOCIATIVE DRUG 3 MEO PCP","A NON FATAL INTOXICATION AND SEVEN DEATHS INVOLVING THE DISSOCIATIVE DRUG 3 MEO PCP","Duplicate"
"A QUANTITATIVE ANALYSIS OF TORN AND CUT DUCT TAPE PHYSICAL END MATCHING","A QUANTITATIVE ANALYSIS OF TORN AND CUT DUCT TAPE PHYSICAL END MATCHING","Duplicate"
"A RAPID AND SENSITIVE ESI MS SCREENING PROCEDURE FOR KETAMINE AND NORKETAMINE IN URINE SAMPLES","A RAPID AND SENSITIVE ESI MS SCREENING PROCEDURE FOR KETAMINE AND NORKETAMINE IN URINE SAMPLES","Duplicate"
"A SIMPLE MICROTHERMAL DESORPTION DEVICE","A SIMPLE MICROTHERMAL DESORPTION DEVICE","Duplicate"
"A SURVEY OF IMAGE PROCESSING TECHNIQUES AND STATISTICS FOR BALLISTIC SPECIMENS IN FORENSIC SCIENCE","A SURVEY OF IMAGE PROCESSING TECHNIQUES AND STATISTICS FOR BALLISTIC SPECIMENS IN FORENSIC SCIENCE","Duplicate"
"A SYSTEMIC CHALLENGE TO THE RELIABILITY AND ADMISSIBILITY OF FIREARMS AND TOOLMARK IDENTIFICATION","A SYSTEMIC CHALLENGE TO THE RELIABILITY AND ADMISSIBILITY OF FIREARMS AND TOOLMARK IDENTIFICATION","Duplicate"
"A TWO LEVEL MODEL FOR EVIDENCE EVALUATION IN THE PRESENCE OF ZEROS","A TWO LEVEL MODEL FOR EVIDENCE EVALUATION IN THE PRESENCE OF ZEROS","Duplicate"
"A2 N BENZYLPIPERAZINE A NEW DRUG OF ABUSE IN SWEDEN","A2 N BENZYLPIPERAZINE A NEW DRUG OF ABUSE IN SWEDEN","Duplicate"
"ACRYLFENTANYL ANOTHER NEW PSYCHOACTIVE DRUG WITH FATAL CONSEQUENCES","ACRYLFENTANYL ANOTHER NEW PSYCHOACTIVE DRUG WITH FATAL CONSEQUENCES","Duplicate"
"ACRYLOYLFENTANYL A RECENTLY EMERGED NEW PSYCHOACTIVE SUBSTANCE A COMPREHENSIVE REVIEW","ACRYLOYLFENTANYL A RECENTLY EMERGED NEW PSYCHOACTIVE SUBSTANCE A COMPREHENSIVE REVIEW","Duplicate"
"ADDING AN OBJECTIVE COMPONENT TO ROUTINE CASEWORK USE OF CONFOCAL MICROSCOPY FOR THE ANALYSIS OF 9MM CALIBER BULLETS","ADDING AN OBJECTIVE COMPONENT TO ROUTINE CASEWORK USE OF CONFOCAL MICROSCOPY FOR THE ANALYSIS OF 9MM CALIBER BULLETS","Duplicate"
"ADDRESSING CHALLENGES IN QUALITY ASSURANCE OF 3D TOPOGRAPHY MEASUREMENTS FOR FIREARM AND TOOLMARK IDENTIFICATION","ADDRESSING CHALLENGES IN QUALITY ASSURANCE OF 3D TOPOGRAPHY MEASUREMENTS FOR FIREARM AND TOOLMARK IDENTIFICATION","Duplicate"
"ADVANCES IN ANALYTICAL TOXICOLOGY THE CURRENT ROLE OF LIQUID CHROMATOGRAPHY MASS SPECTROMETRY IN DRUG QUANTIFICATION IN BLOOD AND ORAL FLUID","ADVANCES IN ANALYTICAL TOXICOLOGY THE CURRENT ROLE OF LIQUID CHROMATOGRAPHY MASS SPECTROMETRY IN DRUG QUANTIFICATION IN BLOOD AND ORAL FLUID","Duplicate"
"ADVANCES IN CHEMISTRY APPLIED TO FORENSIC SCIENCE","ADVANCES IN CHEMISTRY APPLIED TO FORENSIC SCIENCE","Duplicate"
"ADVANCES IN THE USE OF MASS SPECTRAL LIBRARIES FOR FORENSIC TOXICOLOGY","ADVANCES IN THE USE OF MASS SPECTRAL LIBRARIES FOR FORENSIC TOXICOLOGY","Duplicate"
"ADVANCES OF CAPILLARY ELECTROPHORESIS IN CLINICAL AND FORENSIC ANALYSIS 1999 2000","ADVANCES OF CAPILLARY ELECTROPHORESIS IN CLINICAL AND FORENSIC ANALYSIS 1999 2000","Duplicate"
"AMBIENT IONIZATION MASS SPECTROMETRY A TUTORIAL","AMBIENT IONIZATION MASS SPECTROMETRY A TUTORIAL","Duplicate"
"AMBIENT PRESSURE LASER DESORPTION CHEMICAL IONIZATION MASS SPECTROMETRY FOR FAST AND RELIABLE DETECTION OF EXPLOSIVES DRUGS AND THEIR PRECURSORS","AMBIENT PRESSURE LASER DESORPTION CHEMICAL IONIZATION MASS SPECTROMETRY FOR FAST AND RELIABLE DETECTION OF EXPLOSIVES DRUGS AND THEIR PRECURSORS","Duplicate"
"AN EPIDEMIC OF FATAL 3 METHYLFENTANYL POISONING IN ESTONIA","AN EPIDEMIC OF FATAL 3 METHYLFENTANYL POISONING IN ESTONIA","Duplicate"
"AN EVALUATION OF STANDARDIZED SOFTWARE FOR PROCESSING GC MS DATA FROM DIFFERENT VENDORS INSTRUMENTS IN A FORENSIC LABORATORY","AN EVALUATION OF STANDARDIZED SOFTWARE FOR PROCESSING GC MS DATA FROM DIFFERENT VENDORS INSTRUMENTS IN A FORENSIC LABORATORY","Duplicate"
"AN INTRODUCTION TO BAYESIAN METHODS FOR ANALYZING CHEMISTRY DATA PART II A REVIEW OF APPLICATIONS OF BAYESIAN METHODS IN CHEMISTRY","AN INTRODUCTION TO BAYESIAN METHODS FOR ANALYZING CHEMISTRY DATA PART II A REVIEW OF APPLICATIONS OF BAYESIAN METHODS IN CHEMISTRY","Duplicate"
"AN INVESTIGATION INTO THE PERSISTENCE OF TEXTILE FIBRES ON BURIED CARCASSES","AN INVESTIGATION INTO THE PERSISTENCE OF TEXTILE FIBRES ON BURIED CARCASSES","Duplicate"
"AN INVESTIGATION INTO THE USE OF MICRO RAMAN SPECTROSCOPY FOR THE ANALYSIS OF CAR PAINTS AND SINGLE TEXTILE FIBRES","AN INVESTIGATION INTO THE USE OF MICRO RAMAN SPECTROSCOPY FOR THE ANALYSIS OF CAR PAINTS AND SINGLE TEXTILE FIBRES","Duplicate"
"AN LC MS MS METHOD FOR QUANTITATION OF FOUR NEW PHENETHYLAMINES BOX SERIES IN PLASMA IN VIVO APPLICATION","AN LC MS MS METHOD FOR QUANTITATION OF FOUR NEW PHENETHYLAMINES BOX SERIES IN PLASMA IN VIVO APPLICATION","Duplicate"
"AN OVERVIEW OF RECENT DEVELOPMENTS IN THE ANALYTICAL DETECTION OF NEW PSYCHOACTIVE SUBSTANCES NPSS","AN OVERVIEW OF RECENT DEVELOPMENTS IN THE ANALYTICAL DETECTION OF NEW PSYCHOACTIVE SUBSTANCES NPSS","Duplicate"
"ANALYSIS OF 30 SYNTHETIC CANNABINOIDS IN SERUM BY LIQUID CHROMATOGRAPHY ELECTROSPRAY IONIZATION TANDEM MASS SPECTROMETRY AFTER LIQUID LIQUID EXTRACTION","ANALYSIS OF 30 SYNTHETIC CANNABINOIDS IN SERUM BY LIQUID CHROMATOGRAPHY ELECTROSPRAY IONIZATION TANDEM MASS SPECTROMETRY AFTER LIQUID LIQUID EXTRACTION","Duplicate"
"ANALYSIS OF 30 SYNTHETIC CANNABINOIDS IN SERUM BY LIQUID CHROMATOGRAPHY ELECTROSPRAY IONIZATION TANDEM MASS SPECTROMETRY AFTER LIQUID LIQUID EXTRACTION","ANALYSIS OF 30 SYNTHETIC CANNABINOIDS IN SERUM BY LIQUID CHROMATOGRAPHY ELECTROSPRAY IONIZATION TANDEM MASS SPECTROMETRY AFTER LIQUID LIQUID EXTRACTION","Duplicate"
"ANALYSIS OF COCAINE CRACK BIOMARKERS IN MECONIUM BY LC MS","ANALYSIS OF COCAINE CRACK BIOMARKERS IN MECONIUM BY LC MS","Duplicate"
"ANALYSIS OF FENTANYL AND 18 NOVEL FENTANYL ANALOGS AND METABOLITES BY LC MS MS AND REPORT OF FATALITIES ASSOCIATED WITH METHOXYACETYLFENTANYL AND CYCLOPROPYLFENTANYL","ANALYSIS OF FENTANYL AND 18 NOVEL FENTANYL ANALOGS AND METABOLITES BY LC MS MS AND REPORT OF FATALITIES ASSOCIATED WITH METHOXYACETYLFENTANYL AND CYCLOPROPYLFENTANYL","Duplicate"
"ANALYSIS OF FIRST AND SECOND GENERATION LEGAL HIGHS FOR SYNTHETIC CANNABINOIDS AND SYNTHETIC STIMULANTS BY ULTRA PERFORMANCE LIQUID CHROMATOGRAPHY AND TIME OF FLIGHT MASS SPECTROMETRY","ANALYSIS OF FIRST AND SECOND GENERATION LEGAL HIGHS FOR SYNTHETIC CANNABINOIDS AND SYNTHETIC STIMULANTS BY ULTRA PERFORMANCE LIQUID CHROMATOGRAPHY AND TIME OF FLIGHT MASS SPECTROMETRY","Duplicate"
"ANALYSIS OF FIRST AND SECOND GENERATION LEGAL HIGHS FOR SYNTHETIC CANNABINOIDS AND SYNTHETIC STIMULANTS BY ULTRA PERFORMANCE LIQUID CHROMATOGRAPHY AND TIME OF FLIGHT MASS SPECTROMETRY","ANALYSIS OF FIRST AND SECOND GENERATION LEGAL HIGHS FOR SYNTHETIC CANNABINOIDS AND SYNTHETIC STIMULANTS BY ULTRA PERFORMANCE LIQUID CHROMATOGRAPHY AND TIME OF FLIGHT MASS SPECTROMETRY","Duplicate"
"ANALYSIS OF GHB AND 4 METHYL GHB IN POSTMORTEM MATRICES AFTER LONG TERM STORAGE","ANALYSIS OF GHB AND 4 METHYL GHB IN POSTMORTEM MATRICES AFTER LONG TERM STORAGE","Duplicate"
"ANALYSIS OF VOLATILE COMPONENTS OF DRUGS AND EXPLOSIVES BY SOLID PHASE MICROEXTRACTION ION MOBILITY SPECTROMETRY","ANALYSIS OF VOLATILE COMPONENTS OF DRUGS AND EXPLOSIVES BY SOLID PHASE MICROEXTRACTION ION MOBILITY SPECTROMETRY","Duplicate"
"ANALYTICAL DEVELOPMENTS IN TOXICOLOGICAL INVESTIGATION OF DRUG FACILITATED SEXUAL ASSAULT","ANALYTICAL DEVELOPMENTS IN TOXICOLOGICAL INVESTIGATION OF DRUG FACILITATED SEXUAL ASSAULT","Duplicate"
"ANOTHER DESIGNER STEROID DISCOVERY SYNTHESIS AND DETECTION OF MADOL IN URINE","ANOTHER DESIGNER STEROID DISCOVERY SYNTHESIS AND DETECTION OF MADOL IN URINE","Duplicate"
"APPLICATION OF DIRECT URINE LC MS MS ANALYSIS FOR SCREENING OF NOVEL SUBSTANCES IN DRUG ABUSERS","APPLICATION OF DIRECT URINE LC MS MS ANALYSIS FOR SCREENING OF NOVEL SUBSTANCES IN DRUG ABUSERS","Duplicate"
"APPLICATION OF ION MOBILITY SPECTROMETRY IN CASES OF FORENSIC INTEREST","APPLICATION OF ION MOBILITY SPECTROMETRY IN CASES OF FORENSIC INTEREST","Duplicate"
"APPLICATION OF LIKELIHOOD RATIOS FOR FIREARM AND TOOLMARK ANALYSIS","APPLICATION OF LIKELIHOOD RATIOS FOR FIREARM AND TOOLMARK ANALYSIS","Duplicate"
"APPLICATION OF SOLID PHASE MICROEXTRACTION TO ANTIDOPING ANALYSIS DETERMINATION OF STIMULANTS NARCOTICS AND OTHER CLASSES OF SUBSTANCES EXCRETED FREE IN URINE","APPLICATION OF SOLID PHASE MICROEXTRACTION TO ANTIDOPING ANALYSIS DETERMINATION OF STIMULANTS NARCOTICS AND OTHER CLASSES OF SUBSTANCES EXCRETED FREE IN URINE","Duplicate"
"APPLICATION OF THE MICRO FTIR SPECTROSCOPY RAMAN SPECTROSCOPY AND XRF METHOD EXAMINATION OF INKS","APPLICATION OF THE MICRO FTIR SPECTROSCOPY RAMAN SPECTROSCOPY AND XRF METHOD EXAMINATION OF INKS","Duplicate"
"APPLICATIONS OF AMBIENT MASS SPECTROMETRY IN HIGH THROUGHPUT SCREENING","APPLICATIONS OF AMBIENT MASS SPECTROMETRY IN HIGH THROUGHPUT SCREENING","Duplicate"
"APPLICATIONS OF GAS CHROMATOGRAPHY IN FORENSIC SCIENCE","APPLICATIONS OF GAS CHROMATOGRAPHY IN FORENSIC SCIENCE","Duplicate"
"APPLICATIONS OF ION MOBILITY SPECTROMETRY IMS TO THE ANALYSIS OF GAMMA HYDROXYBUTYRATE AND GAMMA HYDROXYVALERATE IN TOXICOLOGICAL MATRICES","APPLICATIONS OF ION MOBILITY SPECTROMETRY IMS TO THE ANALYSIS OF GAMMA HYDROXYBUTYRATE AND GAMMA HYDROXYVALERATE IN TOXICOLOGICAL MATRICES","Duplicate"
"APPLICATIONS OF LA ICP MS TO FORENSIC SCIENCE","APPLICATIONS OF LA ICP MS TO FORENSIC SCIENCE","Duplicate"
"APPLICATIONS OF LASER ABLATION INDUCTIVELY COUPLED PLASMA MASS SPECTROMETRY IN CHEMICAL ANALYSIS OF FORENSIC EVIDENCE","APPLICATIONS OF LASER ABLATION INDUCTIVELY COUPLED PLASMA MASS SPECTROMETRY IN CHEMICAL ANALYSIS OF FORENSIC EVIDENCE","Duplicate"
"APPLICATIONS OF LASER ABLATION INDUCTIVELY COUPLED PLASMA MASS SPECTROMETRY IN CHEMICAL ANALYSIS OF FORENSIC EVIDENCE","APPLICATIONS OF LASER ABLATION INDUCTIVELY COUPLED PLASMA MASS SPECTROMETRY IN CHEMICAL ANALYSIS OF FORENSIC EVIDENCE","Duplicate"
"APPLICATIONS OF LASER ABLATION INDUCTIVELY COUPLED PLASMA MASS SPECTROMETRY IN CHEMICAL ANALYSIS OF FORENSIC EVIDENCE","APPLICATIONS OF LASER ABLATION INDUCTIVELY COUPLED PLASMA MASS SPECTROMETRY IN CHEMICAL ANALYSIS OF FORENSIC EVIDENCE","Duplicate"
"APPLICATIONS OF LASER ABLATION INDUCTIVELY COUPLED PLASMA MASS SPECTROMETRY IN CHEMICAL ANALYSIS OF FORENSIC EVIDENCE","APPLICATIONS OF LASER ABLATION INDUCTIVELY COUPLED PLASMA MASS SPECTROMETRY IN CHEMICAL ANALYSIS OF FORENSIC EVIDENCE","Duplicate"
"APPLICATIONS OF LASER ABLATION INDUCTIVELY COUPLED PLASMA MASS SPECTROMETRY IN CHEMICAL ANALYSIS OF FORENSIC EVIDENCE","APPLICATIONS OF LASER ABLATION INDUCTIVELY COUPLED PLASMA MASS SPECTROMETRY IN CHEMICAL ANALYSIS OF FORENSIC EVIDENCE","Duplicate"
"APPLICATIONS OF LASER ABLATION INDUCTIVELY COUPLED PLASMA MASS SPECTROMETRY IN CHEMICAL ANALYSIS OF FORENSIC EVIDENCE","APPLICATIONS OF LASER ABLATION INDUCTIVELY COUPLED PLASMA MASS SPECTROMETRY IN CHEMICAL ANALYSIS OF FORENSIC EVIDENCE","Duplicate"
"ARYLETHYLAMINE PSYCHOTROPIC RECREATIONAL DRUGS A CHEMICAL PERSPECTIVE","ARYLETHYLAMINE PSYCHOTROPIC RECREATIONAL DRUGS A CHEMICAL PERSPECTIVE","Duplicate"
"ASSESSING THE EVIDENTIARY VALUE OF SMOKELESS POWDER COMPARISONS","ASSESSING THE EVIDENTIARY VALUE OF SMOKELESS POWDER COMPARISONS","Duplicate"
"ASSOCIATING GUNPOWDER AND RESIDUES FROM COMMERCIAL AMMUNITION USING COMPOSITIONAL ANALYSIS","ASSOCIATING GUNPOWDER AND RESIDUES FROM COMMERCIAL AMMUNITION USING COMPOSITIONAL ANALYSIS","Duplicate"
"BENZYLPIPERAZINE A DRUG OF ABUSE","BENZYLPIPERAZINE A DRUG OF ABUSE","Duplicate"
"BEYOND KETAMINE AND PHENCYCLIDINE ANALYTICALLY CONFIRMED USE OF MULTIPLE NOVEL ARYLCYCLOHEXYLAMINES","BEYOND KETAMINE AND PHENCYCLIDINE ANALYTICALLY CONFIRMED USE OF MULTIPLE NOVEL ARYLCYCLOHEXYLAMINES","Duplicate"
"BIOTRANSFORMATION AND DETECTABILITY OF THE NEW PSYCHOACTIVE SUBSTANCES N N DIALLYLTRYPTAMINE DALT DERIVATIVES 5 FLUORO DALT 7 METHYL DALT AND 5 6 METHYLENEDIOXY DALT IN URINE USING GC MS LC MSN AND LC HR MS MS","BIOTRANSFORMATION AND DETECTABILITY OF THE NEW PSYCHOACTIVE SUBSTANCES N N DIALLYLTRYPTAMINE DALT DERIVATIVES 5 FLUORO DALT 7 METHYL DALT AND 5 6 METHYLENEDIOXY DALT IN URINE USING GC MS LC MSN AND LC HR MS MS","Duplicate"
"BUILDING THE RESEARCH CULTURE IN THE FORENSIC SCIENCES ANNOUNCEMENT OF A DOUBLE BLIND TESTING PROGRAM","BUILDING THE RESEARCH CULTURE IN THE FORENSIC SCIENCES ANNOUNCEMENT OF A DOUBLE BLIND TESTING PROGRAM","Duplicate"
"CHARACTERIZATION OF AUTOMOBILE FLOAT GLASS WITH LASER INDUCED BREAKDOWN SPECTROSCOPY AND LASER ABLATION INDUCTIVELY COUPLED PLASMA MASS SPECTROMETRY","CHARACTERIZATION OF AUTOMOBILE FLOAT GLASS WITH LASER INDUCED BREAKDOWN SPECTROSCOPY AND LASER ABLATION INDUCTIVELY COUPLED PLASMA MASS SPECTROMETRY","Duplicate"
"CHARACTERIZATION OF GUNPOWDER SAMPLES USING TIME OF FLIGHT SECONDARY ION MASS SPECTROMETRY TOF SIMS","CHARACTERIZATION OF GUNPOWDER SAMPLES USING TIME OF FLIGHT SECONDARY ION MASS SPECTROMETRY TOF SIMS","Duplicate"
"CHARACTERIZATION OF HALLUCINOGENIC PHENETHYLAMINES USING HIGH RESOLUTION MASS SPECTROMETRY FOR NON TARGETED SCREENING PURPOSES","CHARACTERIZATION OF HALLUCINOGENIC PHENETHYLAMINES USING HIGH RESOLUTION MASS SPECTROMETRY FOR NON TARGETED SCREENING PURPOSES","Duplicate"
"CHARACTERIZATION OF SMOKELESS POWDERS USING MULTIPLEXED COLLISION INDUCED DISSOCIATION MASS SPECTROMETRY AND CHEMOMETRIC PROCEDURES","CHARACTERIZATION OF SMOKELESS POWDERS USING MULTIPLEXED COLLISION INDUCED DISSOCIATION MASS SPECTROMETRY AND CHEMOMETRIC PROCEDURES","Duplicate"
"CHARACTERIZATION OF SMOKELESS POWDERS USING NANOELECTROSPRAY IONIZATION MASS SPECTROMETRY NESI MS","CHARACTERIZATION OF SMOKELESS POWDERS USING NANOELECTROSPRAY IONIZATION MASS SPECTROMETRY NESI MS","Duplicate"
"CHARACTERIZATION OF THE DESIGNER BENZODIAZEPINE PYRAZOLAM AND ITS DETECTABILITY IN HUMAN SERUM AND URINE","CHARACTERIZATION OF THE DESIGNER BENZODIAZEPINE PYRAZOLAM AND ITS DETECTABILITY IN HUMAN SERUM AND URINE","Duplicate"
"CHARACTERIZATION OF THE DESIGNER BENZODIAZEPINE PYRAZOLAM AND ITS DETECTABILITY IN HUMAN SERUM AND URINE","CHARACTERIZATION OF THE DESIGNER BENZODIAZEPINE PYRAZOLAM AND ITS DETECTABILITY IN HUMAN SERUM AND URINE","Duplicate"
"CHARACTERIZATION OF THE FOUR DESIGNER BENZODIAZEPINES CLONAZOLAM DESCHLOROETIZOLAM FLUBROMAZOLAM AND MECLONAZEPAM AND IDENTIFICATION OF THEIR IN VITRO METABOLITES","CHARACTERIZATION OF THE FOUR DESIGNER BENZODIAZEPINES CLONAZOLAM DESCHLOROETIZOLAM FLUBROMAZOLAM AND MECLONAZEPAM AND IDENTIFICATION OF THEIR IN VITRO METABOLITES","Duplicate"
"CHEMICAL ANALYSIS OF SYNTHETIC CANNABINOIDS AS DESIGNER DRUGS IN HERBAL PRODUCTS","CHEMICAL ANALYSIS OF SYNTHETIC CANNABINOIDS AS DESIGNER DRUGS IN HERBAL PRODUCTS","Duplicate"
"CHEMILUMINESCENT DETECTION OF EXPLOSIVES NARCOTICS AND OTHER CHEMICAL SUBSTANCES","CHEMILUMINESCENT DETECTION OF EXPLOSIVES NARCOTICS AND OTHER CHEMICAL SUBSTANCES","Duplicate"
"CHIRAL RESOLUTION AND ENANTIOSELECTIVITY OF SYNTHETIC CATHINONES A BRIEF REVIEW","CHIRAL RESOLUTION AND ENANTIOSELECTIVITY OF SYNTHETIC CATHINONES A BRIEF REVIEW","Duplicate"
"COLLISION INDUCED DISSOCIATION PATHWAYS OF ANABOLIC STEROIDS BY ELECTROSPRAY IONIZATION TANDEM MASS SPECTROMETRY","COLLISION INDUCED DISSOCIATION PATHWAYS OF ANABOLIC STEROIDS BY ELECTROSPRAY IONIZATION TANDEM MASS SPECTROMETRY","Duplicate"
"COLLISION INDUCED DISSOCIATIONS OF TRIMETHYLSILYLATED LYSERGIC ACID DIETHYLAMIDE LSD IN ION TRAP MULTIPLE STAGE MASS SPECTROMETRY","COLLISION INDUCED DISSOCIATIONS OF TRIMETHYLSILYLATED LYSERGIC ACID DIETHYLAMIDE LSD IN ION TRAP MULTIPLE STAGE MASS SPECTROMETRY","Duplicate"
"COMMENTS ON THE APPLICATION OF THEORETICAL PROBABILITY MODELS INCLUDING BAYES THEOREM IN FORENSIC SCIENCE RELATING FIREARM AND TOOL MARKS","COMMENTS ON THE APPLICATION OF THEORETICAL PROBABILITY MODELS INCLUDING BAYES THEOREM IN FORENSIC SCIENCE RELATING FIREARM AND TOOL MARKS","Duplicate"
"COMPARISON OF LIQUID LIQUID AND SOLID PHASE EXTRACTION FOR ALKALINE DRUGS","COMPARISON OF LIQUID LIQUID AND SOLID PHASE EXTRACTION FOR ALKALINE DRUGS","Duplicate"
"COMPARISON OF THE STABILITY OF STOCK SOLUTIONS OF DRUGS OF ABUSE AND OTHER DRUGS STORED IN A FREEZER REFRIGERATOR AND AT AMBIENT TEMPERATURE FOR UP TO ONE YEAR","COMPARISON OF THE STABILITY OF STOCK SOLUTIONS OF DRUGS OF ABUSE AND OTHER DRUGS STORED IN A FREEZER REFRIGERATOR AND AT AMBIENT TEMPERATURE FOR UP TO ONE YEAR","Duplicate"
"CONCENTRATION PROFILES OF COCAINE PYROLYTIC METHYL ECGONIDINE AND THIRTEEN METABOLITES IN HUMAN BLOOD AND URINE DETERMINATION BY GAS CHROMATORGRAPHY MASS SPECTROMETRY","CONCENTRATION PROFILES OF COCAINE PYROLYTIC METHYL ECGONIDINE AND THIRTEEN METABOLITES IN HUMAN BLOOD AND URINE DETERMINATION BY GAS CHROMATORGRAPHY MASS SPECTROMETRY","Duplicate"
"CONSIDERATIONS FOR ADOPTION OF AN EVALUATIVE REPORTING FRAMEWORK FOR THE INTERPRETATION OF FIREARMS AND TOOLMARKS EVIDENCE","CONSIDERATIONS FOR ADOPTION OF AN EVALUATIVE REPORTING FRAMEWORK FOR THE INTERPRETATION OF FIREARMS AND TOOLMARKS EVIDENCE","Duplicate"
"CONSIDERATIONS REGARDING THE VALIDATION OF CHROMATOGRAPHIC MASS SPECTROMETRIC METHODS FOR THE QUANTIFICATION OF ENDOGENOUS SUBSTANCES IN FORENSICS","CONSIDERATIONS REGARDING THE VALIDATION OF CHROMATOGRAPHIC MASS SPECTROMETRIC METHODS FOR THE QUANTIFICATION OF ENDOGENOUS SUBSTANCES IN FORENSICS","Duplicate"
"CONTENT BASED INFORMATION RETRIEVAL IN FORENSIC IMAGE DATABASES","CONTENT BASED INFORMATION RETRIEVAL IN FORENSIC IMAGE DATABASES","Duplicate"
"CONTEXT EFFECTS IN FORENSIC SCIENCE A REVIEW AND APPLICATION OF THE SCIENCE OF SCIENCE TO CRIME LABORATORY PRACTICE IN THE UNITED STATES","CONTEXT EFFECTS IN FORENSIC SCIENCE A REVIEW AND APPLICATION OF THE SCIENCE OF SCIENCE TO CRIME LABORATORY PRACTICE IN THE UNITED STATES","Duplicate"
"CONTEXTUAL INFORMATION RENDERS EXPERTS VULNERABLE TO MAKING ERRONEOUS IDENTIFICATIONS","CONTEXTUAL INFORMATION RENDERS EXPERTS VULNERABLE TO MAKING ERRONEOUS IDENTIFICATIONS","Duplicate"
"CONTROLLED FABRICATION OF SILVER NANONEEDLES ARRAY FOR SERS AND THEIR APPLICATION IN RAPID DETECTION OF NARCOTICS","CONTROLLED FABRICATION OF SILVER NANONEEDLES ARRAY FOR SERS AND THEIR APPLICATION IN RAPID DETECTION OF NARCOTICS","Duplicate"
"CRITERIA FOR IDENTIFICATION OF TOOLMARKS PART III SUPPORTING THE CONCLUSION","CRITERIA FOR IDENTIFICATION OF TOOLMARKS PART III SUPPORTING THE CONCLUSION","Duplicate"
"CROSS REACTIVITY OF DESIGNER DRUGS INCLUDING CATHINONE DERIVATIVES IN COMMERCIAL ENZYME LINKED IMMUNOSORBENT ASSAYS","CROSS REACTIVITY OF DESIGNER DRUGS INCLUDING CATHINONE DERIVATIVES IN COMMERCIAL ENZYME LINKED IMMUNOSORBENT ASSAYS","Duplicate"
"DAMAGE CAUSED TO FIBRES BY THE ACTION OF TWO TYPES OF HEAT","DAMAGE CAUSED TO FIBRES BY THE ACTION OF TWO TYPES OF HEAT","Duplicate"
"DEFENDING THE SCIENTIFIC FOUNDATIONS OF THE FIREARMS AND TOOL MARK IDENTIFICATION DISCIPLINE RESPONDING TO RECENT CHALLENGES","DEFENDING THE SCIENTIFIC FOUNDATIONS OF THE FIREARMS AND TOOL MARK IDENTIFICATION DISCIPLINE RESPONDING TO RECENT CHALLENGES","Duplicate"
"DETECTABILITY OF DESIGNER BENZODIAZEPINES IN CEDIA EMIT II PLUS HEIA AND KIMS II IMMUNOCHEMICAL SCREENING ASSAYS","DETECTABILITY OF DESIGNER BENZODIAZEPINES IN CEDIA EMIT II PLUS HEIA AND KIMS II IMMUNOCHEMICAL SCREENING ASSAYS","Duplicate"
"DETECTING FORENSIC SUBSTANCES USING COMMERCIALLY AVAILABLE SERS SUBSTRATES AND HANDHELD RAMAN SPECTROMETERS","DETECTING FORENSIC SUBSTANCES USING COMMERCIALLY AVAILABLE SERS SUBSTRATES AND HANDHELD RAMAN SPECTROMETERS","Duplicate"
"DETECTION AND IDENTIFICATION OF EXPLOSIVES AND ILLICIT DRUGS USING NEUTRON BASED TECHNIQUES","DETECTION AND IDENTIFICATION OF EXPLOSIVES AND ILLICIT DRUGS USING NEUTRON BASED TECHNIQUES","Duplicate"
"DETECTION AND IDENTIFICATION OF THE DESIGNER BENZODIAZEPINE FLUBROMAZEPAM AND PRELIMINARY DATA ON ITS METABOLISM AND PHARMACOKINETICS","DETECTION AND IDENTIFICATION OF THE DESIGNER BENZODIAZEPINE FLUBROMAZEPAM AND PRELIMINARY DATA ON ITS METABOLISM AND PHARMACOKINETICS","Duplicate"
"DETECTION OF CARFENTANIL BY LC MS MS AND REPORTS OF ASSOCIATED FATALITIES IN THE USA","DETECTION OF CARFENTANIL BY LC MS MS AND REPORTS OF ASSOCIATED FATALITIES IN THE USA","Duplicate"
"DETECTION OF COCAINE AND COCAETHYLENE IN SWEAT BY SOLID PHASE MICROEXTRACTION AND GAS CHROMATOGRAPHY MASS SPECTROMETRY","DETECTION OF COCAINE AND COCAETHYLENE IN SWEAT BY SOLID PHASE MICROEXTRACTION AND GAS CHROMATOGRAPHY MASS SPECTROMETRY","Duplicate"
"DETECTION OF CONCEALED EXPLOSIVES AND DRUGS BY THERMAL ANALYSIS AND THERMAL PROFILES OF SAMPLES WITH MICROSENSORS","DETECTION OF CONCEALED EXPLOSIVES AND DRUGS BY THERMAL ANALYSIS AND THERMAL PROFILES OF SAMPLES WITH MICROSENSORS","Duplicate"
"DETECTION OF EXOGENOUS GHB IN BLOOD BY GAS CHROMATOGRAPHY COMBUSTION ISOTOPE RATIO MASS SPECTROMETRY IMPLICATIONS IN POSTMORTEM TOXICOLOGY","DETECTION OF EXOGENOUS GHB IN BLOOD BY GAS CHROMATOGRAPHY COMBUSTION ISOTOPE RATIO MASS SPECTROMETRY IMPLICATIONS IN POSTMORTEM TOXICOLOGY","Duplicate"
"DETECTION OF EXOGENOUS SUBSTANCES IN LATENT FINGERMARKS BY SILVER ASSISTED LDI IMAGING MS PERSPECTIVES IN FORENSIC SCIENCES","DETECTION OF EXOGENOUS SUBSTANCES IN LATENT FINGERMARKS BY SILVER ASSISTED LDI IMAGING MS PERSPECTIVES IN FORENSIC SCIENCES","Duplicate"
"DETECTION OF GUNSHOT RESIDUES USING MASS SPECTROMETRY","DETECTION OF GUNSHOT RESIDUES USING MASS SPECTROMETRY","Duplicate"
"DETECTION OF ILLICIT SUBSTANCES IN FINGERPRINTS BY INFRARED SPECTRAL IMAGING","DETECTION OF ILLICIT SUBSTANCES IN FINGERPRINTS BY INFRARED SPECTRAL IMAGING","Duplicate"
"DETECTION OF ODOR SIGNATURES OF SMOKELESS POWDERS USING SOLID PHASE MICROEXTRACTION COUPLED TO AN ION MOBILITY SPECTROMETER","DETECTION OF ODOR SIGNATURES OF SMOKELESS POWDERS USING SOLID PHASE MICROEXTRACTION COUPLED TO AN ION MOBILITY SPECTROMETER","Duplicate"
"DETECTION OF TRACE MATERIALS WITH FOURIER TRANSFORM INFRARED SPECTROSCOPY USING A MULTI CHANNEL DETECTOR","DETECTION OF TRACE MATERIALS WITH FOURIER TRANSFORM INFRARED SPECTROSCOPY USING A MULTI CHANNEL DETECTOR","Duplicate"
"DETERMINATION OF 14 BENZODIAZEPINES AND HYDROXY METABOLITES ZALEPLON AND ZOLPIDEM AS TERT BUTYLDIMETHYLSILYL DERIVATIVES COMPARED WITH OTHER COMMON SILYLATING REAGENTS IN WHOLE BLOOD BY GAS CHROMATOGRAPHY MASS SPECTROMETRY","DETERMINATION OF 14 BENZODIAZEPINES AND HYDROXY METABOLITES ZALEPLON AND ZOLPIDEM AS TERT BUTYLDIMETHYLSILYL DERIVATIVES COMPARED WITH OTHER COMMON SILYLATING REAGENTS IN WHOLE BLOOD BY GAS CHROMATOGRAPHY MASS SPECTROMETRY","Duplicate"
"DETERMINATION OF 32 CATHINONE DERIVATIVES AND OTHER DESIGNER DRUGS IN SERUM BY COMPREHENSIVE LC QQQ MS MS ANALYSIS","DETERMINATION OF 32 CATHINONE DERIVATIVES AND OTHER DESIGNER DRUGS IN SERUM BY COMPREHENSIVE LC QQQ MS MS ANALYSIS","Duplicate"
"DETERMINATION OF A NEWLY ENCOUNTERED DESIGNER DRUG P METHOXYETHYLAMPHETAMINE AND ITS METABOLITES IN HUMAN URINE AND BLOOD","DETERMINATION OF A NEWLY ENCOUNTERED DESIGNER DRUG P METHOXYETHYLAMPHETAMINE AND ITS METABOLITES IN HUMAN URINE AND BLOOD","Duplicate"
"DETERMINATION OF BENZODIAZEPINES IN HUMAN URINE USING SOLID PHASE EXTRACTION AND HIGH PERFORMANCE LIQUID CHROMATOGRAPHY ELECTROSPRAY IONIZATION TANDEM MASS SPECTROMETRY","DETERMINATION OF BENZODIAZEPINES IN HUMAN URINE USING SOLID PHASE EXTRACTION AND HIGH PERFORMANCE LIQUID CHROMATOGRAPHY ELECTROSPRAY IONIZATION TANDEM MASS SPECTROMETRY","Duplicate"
"DETERMINATION OF BENZODIAZEPINES IN HUMAN URINE USING SOLID PHASE EXTRACTION AND HIGH PERFORMANCE LIQUID CHROMATOGRAPHY ELECTROSPRAY IONIZATION TANDEM MASS SPECTROMETRY","DETERMINATION OF BENZODIAZEPINES IN HUMAN URINE USING SOLID PHASE EXTRACTION AND HIGH PERFORMANCE LIQUID CHROMATOGRAPHY ELECTROSPRAY IONIZATION TANDEM MASS SPECTROMETRY","Duplicate"
"DETERMINATION OF DESIGNER DRUG CROSS REACTIVITY ON FIVE COMMERCIAL IMMUNOASSAY SCREENING KITS","DETERMINATION OF DESIGNER DRUG CROSS REACTIVITY ON FIVE COMMERCIAL IMMUNOASSAY SCREENING KITS","Duplicate"
"DETERMINATION OF MDMA MDA MDEA AND MBDB IN ORAL FLUID USING HIGH PERFORMANCE LIQUID CHROMATOGRAPHY WITH NATIVE FLUORESCENCE DETECTION","DETERMINATION OF MDMA MDA MDEA AND MBDB IN ORAL FLUID USING HIGH PERFORMANCE LIQUID CHROMATOGRAPHY WITH NATIVE FLUORESCENCE DETECTION","Duplicate"
"DETERMINING AN OPTIMAL SEQUENCE FOR CHEMICAL DEVELOPMENT OF LATENT PRINTS ON CARTRIDGE CASINGS AND SHOTGUN SHELLS","DETERMINING AN OPTIMAL SEQUENCE FOR CHEMICAL DEVELOPMENT OF LATENT PRINTS ON CARTRIDGE CASINGS AND SHOTGUN SHELLS","Duplicate"
"DETERMINING THE NUMBER OF TEST FIRES NEEDED TO REPRESENT THE VARIABILITY PRESENT WITHIN FIREARMS OF VARIOUS CALIBERS","DETERMINING THE NUMBER OF TEST FIRES NEEDED TO REPRESENT THE VARIABILITY PRESENT WITHIN FIREARMS OF VARIOUS CALIBERS","Duplicate"
"DEVELOPING A QUANTITATIVE EXTRACTION TECHNIQUE FOR DETERMINING THE ORGANIC ADDITIVES IN SMOKELESS HANDGUN POWDER","DEVELOPING A QUANTITATIVE EXTRACTION TECHNIQUE FOR DETERMINING THE ORGANIC ADDITIVES IN SMOKELESS HANDGUN POWDER","Duplicate"
"DEVELOPMENT OF A HIGH SPEED MALDI TRIPLE QUADRUPOLE MASS SPECTROMETRIC METHOD FOR THE DETERMINATION OF 3 4 METHYLENEDIOXYMETHAMPHETAMINE MDMA IN ORAL FLUID","DEVELOPMENT OF A HIGH SPEED MALDI TRIPLE QUADRUPOLE MASS SPECTROMETRIC METHOD FOR THE DETERMINATION OF 3 4 METHYLENEDIOXYMETHAMPHETAMINE MDMA IN ORAL FLUID","Duplicate"
"DEVELOPMENT OF A METHOD FOR THE DETERMINATION OF COCAINE COCAETHYLENE AND NORCOCAINE IN HUMAN BREAST MILK USING LIQUID PHASE MICROEXTRACTION AND GAS CHROMATOGRAPHY MASS SPECTROMETRY","DEVELOPMENT OF A METHOD FOR THE DETERMINATION OF COCAINE COCAETHYLENE AND NORCOCAINE IN HUMAN BREAST MILK USING LIQUID PHASE MICROEXTRACTION AND GAS CHROMATOGRAPHY MASS SPECTROMETRY","Duplicate"
"DEVELOPMENT OF A MULTI TARGET SCREENING ANALYSIS FOR 301 DRUGS USING A QTRAP LIQUID CHROMATOGRAPHY TANDEM MASS SPECTROMETRY SYSTEM AND AUTOMATED LIBRARY SEARCHING","DEVELOPMENT OF A MULTI TARGET SCREENING ANALYSIS FOR 301 DRUGS USING A QTRAP LIQUID CHROMATOGRAPHY TANDEM MASS SPECTROMETRY SYSTEM AND AUTOMATED LIBRARY SEARCHING","Duplicate"
"DEVELOPMENT OF A PLUG TYPE IMS MS INSTRUMENT AND ITS APPLICATIONS IN RESOLVING PROBLEMS EXISTING IN IN SITU DETECTION OF ILLICIT DRUGS AND EXPLOSIVES BY IMS","DEVELOPMENT OF A PLUG TYPE IMS MS INSTRUMENT AND ITS APPLICATIONS IN RESOLVING PROBLEMS EXISTING IN IN SITU DETECTION OF ILLICIT DRUGS AND EXPLOSIVES BY IMS","Duplicate"
"DEVELOPMENT OF A SMOKELESS POWDER REFERENCE MATERIAL FOR PROPELLANT AND EXPLOSIVES ANALYSIS","DEVELOPMENT OF A SMOKELESS POWDER REFERENCE MATERIAL FOR PROPELLANT AND EXPLOSIVES ANALYSIS","Duplicate"
"DEVELOPMENT OF GC MS LIBRARY FOR ANALYZING PESTICIDES AND DRUGS","DEVELOPMENT OF GC MS LIBRARY FOR ANALYZING PESTICIDES AND DRUGS","Duplicate"
"DISCRIMINATION BETWEEN SEDIMENT AND SOIL SAMPLES FOR FORENSIC PURPOSES USING ELEMENTAL DATA AN INVESTIGATION OF PARTICLE SIZE EFFECTS","DISCRIMINATION BETWEEN SEDIMENT AND SOIL SAMPLES FOR FORENSIC PURPOSES USING ELEMENTAL DATA AN INVESTIGATION OF PARTICLE SIZE EFFECTS","Duplicate"
"DISCUSSION ON HOW TO IMPLEMENT A VERBAL SCALE IN A FORENSIC LABORATORY BENEFITS PITFALLS AND SUGGESTIONS TO AVOID MISUNDERSTANDINGS","DISCUSSION ON HOW TO IMPLEMENT A VERBAL SCALE IN A FORENSIC LABORATORY BENEFITS PITFALLS AND SUGGESTIONS TO AVOID MISUNDERSTANDINGS","Duplicate"
"DOES SUPERGLUE HINDER TRADITIONAL FIREARMS IDENTIFICATION","DOES SUPERGLUE HINDER TRADITIONAL FIREARMS IDENTIFICATION","Duplicate"
"DOES SUPERGLUE HINDER TRADITIONAL FIREARMS IDENTIFICATION","DOES SUPERGLUE HINDER TRADITIONAL FIREARMS IDENTIFICATION","Duplicate"
"DRUG CONFIRMATION BY MASS SPECTROMETRY IDENTIFICATION CRITERIA AND COMPLICATING FACTORS","DRUG CONFIRMATION BY MASS SPECTROMETRY IDENTIFICATION CRITERIA AND COMPLICATING FACTORS","Duplicate"
"DRUG SCREENING AND CONFIRMATION BY GC MS COMPARISON OF EMIT II AND ONLINE KIMS AGAINST 10 DRUGS BETWEEN US AND ENGLAND LABORATORIES","DRUG SCREENING AND CONFIRMATION BY GC MS COMPARISON OF EMIT II AND ONLINE KIMS AGAINST 10 DRUGS BETWEEN US AND ENGLAND LABORATORIES","Duplicate"
"DRUGS FOR YOUTH VIA INTERNET AND THE EXAMPLE OF MEPHEDRONE","DRUGS FOR YOUTH VIA INTERNET AND THE EXAMPLE OF MEPHEDRONE","Duplicate"
"DRUGS FOR YOUTH VIA INTERNET AND THE EXAMPLE OF MEPHEDRONE","DRUGS FOR YOUTH VIA INTERNET AND THE EXAMPLE OF MEPHEDRONE","Duplicate"
"DRUGS IN ORAL FLUID PART I VALIDATION OF AN ANALYTICAL PROCEDURE FOR LICIT AND ILLICIT DRUGS IN ORAL FLUID","DRUGS IN ORAL FLUID PART I VALIDATION OF AN ANALYTICAL PROCEDURE FOR LICIT AND ILLICIT DRUGS IN ORAL FLUID","Duplicate"
"DRUGS OF ABUSE IN A NON CONVENTIONAL SAMPLE DETECTION OF METHAMPHETAMINE AND ITS MAIN METABOLITE AMPHETAMINE IN ABUSERS CLOTHES BY HPLC WITH UV AND FLUORESCENCE DETECTION","DRUGS OF ABUSE IN A NON CONVENTIONAL SAMPLE DETECTION OF METHAMPHETAMINE AND ITS MAIN METABOLITE AMPHETAMINE IN ABUSERS CLOTHES BY HPLC WITH UV AND FLUORESCENCE DETECTION","Duplicate"
"ENFSI GUIDELINE FOR EVALUATIVE REPORTING IN FORENSIC SCIENCE","ENFSI GUIDELINE FOR EVALUATIVE REPORTING IN FORENSIC SCIENCE","Duplicate"
"ESI MS MS LIBRARY OF 1 253 COMPOUNDS FOR APPLICATION IN FORENSIC AND CLINICAL TOXICOLOGY","ESI MS MS LIBRARY OF 1 253 COMPOUNDS FOR APPLICATION IN FORENSIC AND CLINICAL TOXICOLOGY","Duplicate"
"ESTIMATES OF STRIATION PATTERN IDENTIFICATION ERROR RATES BY ALGORITHMIC METHODS","ESTIMATES OF STRIATION PATTERN IDENTIFICATION ERROR RATES BY ALGORITHMIC METHODS","Duplicate"
"ESTIMATING ERROR RATES FOR FIREARM EVIDENCE IDENTIFICATIONS IN FORENSIC SCIENCE","ESTIMATING ERROR RATES FOR FIREARM EVIDENCE IDENTIFICATIONS IN FORENSIC SCIENCE","Duplicate"
"EVALUATION OF DESIGNER AMPHETAMINE INTERFERENCE IN GC MS AMINE CONFIRMATION PROCEDURES","EVALUATION OF DESIGNER AMPHETAMINE INTERFERENCE IN GC MS AMINE CONFIRMATION PROCEDURES","Duplicate"
"EVALUATION OF EVIDENCE VALUE OF GLASS FRAGMENTS BY LIKELIHOOD RATIO AND BAYESIAN NETWORK APPROACHES","EVALUATION OF EVIDENCE VALUE OF GLASS FRAGMENTS BY LIKELIHOOD RATIO AND BAYESIAN NETWORK APPROACHES","Duplicate"
"EXPERIMENTAL DESIGN FOR ACQUIRING RELEVANT DATA TO ADDRESS THE ISSUE OF COMPARING CONSECUTIVELY MANUFACTURED TOOLS AND FIREARMS","EXPERIMENTAL DESIGN FOR ACQUIRING RELEVANT DATA TO ADDRESS THE ISSUE OF COMPARING CONSECUTIVELY MANUFACTURED TOOLS AND FIREARMS","Duplicate"
"EXPOSURE TO FENTANYL CONTAMINATED HEROIN AND OVERDOSE RISK AMONG ILLICIT OPIOID USERS IN RHODE ISLAND A MIXED METHODS STUDY","EXPOSURE TO FENTANYL CONTAMINATED HEROIN AND OVERDOSE RISK AMONG ILLICIT OPIOID USERS IN RHODE ISLAND A MIXED METHODS STUDY","Duplicate"
"FABRIC ANALYSIS BY AMBIENT MASS SPECTROMETRY FOR EXPLOSIVES AND DRUGS","FABRIC ANALYSIS BY AMBIENT MASS SPECTROMETRY FOR EXPLOSIVES AND DRUGS","Duplicate"
"FENTANYL FENTANYL ANALOGS AND NOVEL SYNTHETIC OPIOIDS A COMPREHENSIVE REVIEW","FENTANYL FENTANYL ANALOGS AND NOVEL SYNTHETIC OPIOIDS A COMPREHENSIVE REVIEW","Duplicate"
"FENTANYLS CONTINUE TO REPLACE HEROIN IN THE DRUG ARENA THE CASES OF OCFENTANIL AND CARFENTANIL","FENTANYLS CONTINUE TO REPLACE HEROIN IN THE DRUG ARENA THE CASES OF OCFENTANIL AND CARFENTANIL","Duplicate"
"FINGERPRINTING OF 3 4 METHYLENEDIOXY METHAMPHETAMINE MARKERS BY DESORPTION IONIZATION ON POROUS SILICON","FINGERPRINTING OF 3 4 METHYLENEDIOXY METHAMPHETAMINE MARKERS BY DESORPTION IONIZATION ON POROUS SILICON","Duplicate"
"FIREARM AND TOOL MARKS IDENTIFICATION THE BAYESIAN APPROACH","FIREARM AND TOOL MARKS IDENTIFICATION THE BAYESIAN APPROACH","Duplicate"
"FIREARM AND TOOL MARKS IDENTIFICATION THE BAYESIAN APPROACH","FIREARM AND TOOL MARKS IDENTIFICATION THE BAYESIAN APPROACH","Duplicate"
"FIREARM AND TOOLMARK IDENTIFICATION CRITERIA A REVIEW OF THE LITERATURE PART II","FIREARM AND TOOLMARK IDENTIFICATION CRITERIA A REVIEW OF THE LITERATURE PART II","Duplicate"
"FIREARM TOOLMARK EXAMINATION AND THE DAUBERT CRITERIA","FIREARM TOOLMARK EXAMINATION AND THE DAUBERT CRITERIA","Duplicate"
"FLUOROMETHCATHINONE A NEW SUBSTANCE OF ABUSE","FLUOROMETHCATHINONE A NEW SUBSTANCE OF ABUSE","Duplicate"
"FORENSIC AND HOMELAND SECURITY APPLICATIONS OF MODERN PORTABLE RAMAN SPECTROSCOPY","FORENSIC AND HOMELAND SECURITY APPLICATIONS OF MODERN PORTABLE RAMAN SPECTROSCOPY","Duplicate"
"FORENSIC APPLICATIONS OF AMBIENT IONIZATION MASS SPECTROMETRY","FORENSIC APPLICATIONS OF AMBIENT IONIZATION MASS SPECTROMETRY","Duplicate"
"FORENSIC APPLICATIONS OF DESORPTION ELECTROSPRAY IONISATION MASS SPECTROMETRY DESI MS","FORENSIC APPLICATIONS OF DESORPTION ELECTROSPRAY IONISATION MASS SPECTROMETRY DESI MS","Duplicate"
"FORENSIC APPLICATIONS OF INFRARED IMAGING FOR THE DETECTION AND RECORDING OF LATENT EVIDENCE","FORENSIC APPLICATIONS OF INFRARED IMAGING FOR THE DETECTION AND RECORDING OF LATENT EVIDENCE","Duplicate"
"FORENSIC CHEMISTRY","FORENSIC CHEMISTRY","Duplicate"
"FORENSIC CHEMISTRY","FORENSIC CHEMISTRY","Duplicate"
"FORENSIC CHEMISTRY AND AMBIENT MASS SPECTROMETRY A PERFECT COUPLE DESTINED FOR A HAPPY MARRIAGE","FORENSIC CHEMISTRY AND AMBIENT MASS SPECTROMETRY A PERFECT COUPLE DESTINED FOR A HAPPY MARRIAGE","Duplicate"
"FORENSIC ELEMENTAL ANALYSIS OF MATERIALS BY LASER INDUCED BREAKDOWN SPECTROSCOPY LIBS","FORENSIC ELEMENTAL ANALYSIS OF MATERIALS BY LASER INDUCED BREAKDOWN SPECTROSCOPY LIBS","Duplicate"
"FORENSIC EXAMINATION OF SOILS","FORENSIC EXAMINATION OF SOILS","Duplicate"
"FORENSIC IDENTIFICATION FROM A FAITH BASED SCIENCE TO A SCIENTIFIC SCIENCE","FORENSIC IDENTIFICATION FROM A FAITH BASED SCIENCE TO A SCIENTIFIC SCIENCE","Duplicate"
"FORENSIC IDENTIFICATION SCIENCE EVIDENCE SINCE DAUBERT PART I A QUANTITATIVE ANALYSIS OF THE EXCLUSION OF FORENSIC IDENTIFICATION SCIENCE EVIDENCE","FORENSIC IDENTIFICATION SCIENCE EVIDENCE SINCE DAUBERT PART I A QUANTITATIVE ANALYSIS OF THE EXCLUSION OF FORENSIC IDENTIFICATION SCIENCE EVIDENCE","Duplicate"
"FORENSIC IDENTIFICATION SCIENCE EVIDENCE SINCE DAUBERT PART II JUDICIAL REASONING IN DECISIONS TO EXCLUDE FORENSIC IDENTIFICATION EVIDENCE ON GROUNDS OF RELIABILITY","FORENSIC IDENTIFICATION SCIENCE EVIDENCE SINCE DAUBERT PART II JUDICIAL REASONING IN DECISIONS TO EXCLUDE FORENSIC IDENTIFICATION EVIDENCE ON GROUNDS OF RELIABILITY","Duplicate"
"FORENSIC NMR SPECTROSCOPY JUST A BEGINNING OF A PROMISING PARTNERSHIP","FORENSIC NMR SPECTROSCOPY JUST A BEGINNING OF A PROMISING PARTNERSHIP","Duplicate"
"FORENSIC POTENTIAL OF COMPREHENSIVE TWO DIMENSIONAL GAS CHROMATOGRAPHY","FORENSIC POTENTIAL OF COMPREHENSIVE TWO DIMENSIONAL GAS CHROMATOGRAPHY","Duplicate"
"FORENSIC SCIENCE","FORENSIC SCIENCE","Duplicate"
"FORENSIC SCIENCE","FORENSIC SCIENCE","Duplicate"
"FORENSIC SCIENCE","FORENSIC SCIENCE","Duplicate"
"FORENSIC SCIENCE","FORENSIC SCIENCE","Duplicate"
"FORENSIC SCIENCE","FORENSIC SCIENCE","Duplicate"
"FORENSIC SCIENCE","FORENSIC SCIENCE","Duplicate"
"FORENSIC SCIENCE","FORENSIC SCIENCE","Duplicate"
"FORENSIC SCIENCE","FORENSIC SCIENCE","Duplicate"
"FORENSIC SCIENCE","FORENSIC SCIENCE","Duplicate"
"FORENSIC SCIENCE","FORENSIC SCIENCE","Duplicate"
"FORENSIC SCIENCE","FORENSIC SCIENCE","Duplicate"
"FORENSIC SCIENCE","FORENSIC SCIENCE","Duplicate"
"FORENSIC SCIENCE","FORENSIC SCIENCE","Duplicate"
"FORENSIC SCIENCE","FORENSIC SCIENCE","Duplicate"
"FORENSIC SCIENCE","FORENSIC SCIENCE","Duplicate"
"FORENSIC SCIENCE","FORENSIC SCIENCE","Duplicate"
"FORENSIC SCIENCE","FORENSIC SCIENCE","Duplicate"
"FORENSIC SCIENCE","FORENSIC SCIENCE","Duplicate"
"FORENSIC SCIENCE","FORENSIC SCIENCE","Duplicate"
"FORENSIC SCIENCE","FORENSIC SCIENCE","Duplicate"
"FORENSIC SCIENCE","FORENSIC SCIENCE","Duplicate"
"FORENSIC SCIENCE","FORENSIC SCIENCE","Duplicate"
"FORENSIC SCIENCE","FORENSIC SCIENCE","Duplicate"
"FORENSIC SCIENCE","FORENSIC SCIENCE","Duplicate"
"FORENSIC SCIENCE","FORENSIC SCIENCE","Duplicate"
"FORENSIC SCIENCE","FORENSIC SCIENCE","Duplicate"
"FORENSIC SCIENCE","FORENSIC SCIENCE","Duplicate"
"FORENSIC SCIENCE","FORENSIC SCIENCE","Duplicate"
"FORENSIC SCIENCE","FORENSIC SCIENCE","Duplicate"
"FORENSIC SCIENCE","FORENSIC SCIENCE","Duplicate"
"FORENSIC SCIENCE","FORENSIC SCIENCE","Duplicate"
"FORENSIC SCIENCE","FORENSIC SCIENCE","Duplicate"
"FORENSIC SCIENCE","FORENSIC SCIENCE","Duplicate"
"FORENSIC SCIENCE","FORENSIC SCIENCE","Duplicate"
"FORENSIC SCIENCE","FORENSIC SCIENCE","Duplicate"
"FORENSIC SCIENCE","FORENSIC SCIENCE","Duplicate"
"FORENSIC SCIENCE","FORENSIC SCIENCE","Duplicate"
"FORENSIC SCIENCE","FORENSIC SCIENCE","Duplicate"
"FORENSIC SCIENCE","FORENSIC SCIENCE","Duplicate"
"FORENSIC SCIENCE","FORENSIC SCIENCE","Duplicate"
"FORENSIC SCIENCE","FORENSIC SCIENCE","Duplicate"
"FORENSIC SCIENCE","FORENSIC SCIENCE","Duplicate"
"FORENSIC SCIENCE","FORENSIC SCIENCE","Duplicate"
"FORENSIC SCIENCE","FORENSIC SCIENCE","Duplicate"
"FORENSIC SCIENCE","FORENSIC SCIENCE","Duplicate"
"FORENSIC SCIENCE","FORENSIC SCIENCE","Duplicate"
"FORENSIC SCIENCE","FORENSIC SCIENCE","Duplicate"
"FORENSIC SCIENCE","FORENSIC SCIENCE","Duplicate"
"FORENSIC SCIENCE","FORENSIC SCIENCE","Duplicate"
"FORENSIC SCIENCE","FORENSIC SCIENCE","Duplicate"
"FORENSIC SCIENCE","FORENSIC SCIENCE","Duplicate"
"FORENSIC SCIENCE","FORENSIC SCIENCE","Duplicate"
"FORENSIC SCIENCE","FORENSIC SCIENCE","Duplicate"
"FORENSIC SCIENCE","FORENSIC SCIENCE","Duplicate"
"FORENSIC SCIENCE","FORENSIC SCIENCE","Duplicate"
"FORENSIC SCIENCE","FORENSIC SCIENCE","Duplicate"
"FORENSIC SCIENCE","FORENSIC SCIENCE","Duplicate"
"FORENSIC SCIENCE","FORENSIC SCIENCE","Duplicate"
"FORENSIC SCIENCE","FORENSIC SCIENCE","Duplicate"
"FORENSIC SCIENCE","FORENSIC SCIENCE","Duplicate"
"FORENSIC SCIENCE","FORENSIC SCIENCE","Duplicate"
"FORENSIC SCIENCE","FORENSIC SCIENCE","Duplicate"
"FORENSIC SCIENCE","FORENSIC SCIENCE","Duplicate"
"FORENSIC SCIENCE","FORENSIC SCIENCE","Duplicate"
"FORENSIC SCIENCE","FORENSIC SCIENCE","Duplicate"
"FORENSIC SCIENCE","FORENSIC SCIENCE","Duplicate"
"FORENSIC SCIENCE","FORENSIC SCIENCE","Duplicate"
"FORENSIC SCIENCE","FORENSIC SCIENCE","Duplicate"
"FORENSIC SCIENCE","FORENSIC SCIENCE","Duplicate"
"FORENSIC SCIENCE","FORENSIC SCIENCE","Duplicate"
"FORENSIC SCIENCE","FORENSIC SCIENCE","Duplicate"
"FORENSIC SCIENCE","FORENSIC SCIENCE","Duplicate"
"FORENSIC SCIENCE","FORENSIC SCIENCE","Duplicate"
"FORENSIC SCIENCE","FORENSIC SCIENCE","Duplicate"
"FORENSIC SCIENCE","FORENSIC SCIENCE","Duplicate"
"FORENSIC SCIENCE","FORENSIC SCIENCE","Duplicate"
"FORENSIC SCIENCE","FORENSIC SCIENCE","Duplicate"
"FORENSIC SCIENCE","FORENSIC SCIENCE","Duplicate"
"FORENSIC SCIENCE","FORENSIC SCIENCE","Duplicate"
"FORENSIC SCIENCE","FORENSIC SCIENCE","Duplicate"
"FORENSIC SCIENCE IN CRIMINAL COURTS ENSURING SCIENTIFIC VALIDITY OF FEATURE COMPARISON METHODS","FORENSIC SCIENCE IN CRIMINAL COURTS ENSURING SCIENTIFIC VALIDITY OF FEATURE COMPARISON METHODS","Duplicate"
"FORENSIC WEB WATCH","FORENSIC WEB WATCH","Duplicate"
"FOXY A DESIGNER TRYPTAMINE HALLUCINOGEN","FOXY A DESIGNER TRYPTAMINE HALLUCINOGEN","Duplicate"
"FUNGI IDENTIFY THE GEOGRAPHIC ORIGIN OF DUST SAMPLES","FUNGI IDENTIFY THE GEOGRAPHIC ORIGIN OF DUST SAMPLES","Duplicate"
"FUTURE AND DESIGNER DRUGS EMERGING SCIENCE AND TECHNOLOGIES","FUTURE AND DESIGNER DRUGS EMERGING SCIENCE AND TECHNOLOGIES","Duplicate"
"GC MS STUDIES ON THE SIX NAPHTHOYL SUBSTITUTED 1 N PENTYL INDOLES JWH 018 AND FIVE REGIOISOMERIC EQUIVALENTS","GC MS STUDIES ON THE SIX NAPHTHOYL SUBSTITUTED 1 N PENTYL INDOLES JWH 018 AND FIVE REGIOISOMERIC EQUIVALENTS","Duplicate"
"GLASS CONTAINING GUNSHOT RESIDUE PARTICLES A NEW TYPE OF HIGHLY CHARACTERISTIC PARTICLE","GLASS CONTAINING GUNSHOT RESIDUE PARTICLES A NEW TYPE OF HIGHLY CHARACTERISTIC PARTICLE","Duplicate"
"GRADIENT REVERSED PHASE LIQUID CHROMATOGRAPHIC ELECTROSPRAY IONIZATION MASS SPECTROMETRIC METHOD FOR THE COMPARISON OF SMOKELESS POWDERS","GRADIENT REVERSED PHASE LIQUID CHROMATOGRAPHIC ELECTROSPRAY IONIZATION MASS SPECTROMETRIC METHOD FOR THE COMPARISON OF SMOKELESS POWDERS","Duplicate"
"HAIR ANALYSIS BY GC MS MS TO VERIFY ABUSE OF DRUGS","HAIR ANALYSIS BY GC MS MS TO VERIFY ABUSE OF DRUGS","Duplicate"
"HIGH EFFECTIVE THZ TDS METHOD FOR THE DETECTION AND IDENTIFICATION OF SUBSTANCES IN REAL CONDITIONS","HIGH EFFECTIVE THZ TDS METHOD FOR THE DETECTION AND IDENTIFICATION OF SUBSTANCES IN REAL CONDITIONS","Duplicate"
"HIGH RESOLUTION IMAGING OF LATENT FINGERPRINTS BY LOCALIZED CORROSION ON BRASS SURFACES","HIGH RESOLUTION IMAGING OF LATENT FINGERPRINTS BY LOCALIZED CORROSION ON BRASS SURFACES","Duplicate"
"HOW UNIQUE ARE IMPRESSED TOOLMARKS","HOW UNIQUE ARE IMPRESSED TOOLMARKS","Duplicate"
"HYDROCARBONS AND FUELS ANALYSES WITH THE SUPERSONIC GAS CHROMATOGRAPHY MASS SPECTROMETRY THE NOVEL CONCEPT OF ISOMER ABUNDANCE ANALYSIS","HYDROCARBONS AND FUELS ANALYSES WITH THE SUPERSONIC GAS CHROMATOGRAPHY MASS SPECTROMETRY THE NOVEL CONCEPT OF ISOMER ABUNDANCE ANALYSIS","Duplicate"
"IDENTIFICATION AND QUANTITATION OF GAMMA HYDROXYBUTYRATE NAGHB BY NUCLEAR MAGNETIC RESONANCE SPECTROSCOPY","IDENTIFICATION AND QUANTITATION OF GAMMA HYDROXYBUTYRATE NAGHB BY NUCLEAR MAGNETIC RESONANCE SPECTROSCOPY","Duplicate"
"IDENTIFICATION OF A BULLET JACKET TO A LEAD CORE","IDENTIFICATION OF A BULLET JACKET TO A LEAD CORE","Duplicate"
"IDENTIFICATION OF A CANNABINOID ANALOG AS A NEW TYPE OF DESIGNER DRUG IN A HERBAL PRODUCT","IDENTIFICATION OF A CANNABINOID ANALOG AS A NEW TYPE OF DESIGNER DRUG IN A HERBAL PRODUCT","Duplicate"
"IDENTIFICATION OF INORGANIC ANIONS BY GAS CHROMATOGRAPHY MASS SPECTROMETRY","IDENTIFICATION OF INORGANIC ANIONS BY GAS CHROMATOGRAPHY MASS SPECTROMETRY","Duplicate"
"IDENTIFICATION OF SUBSTITUTED CATHINONES 3 4 METHYLENEDIOXY DERIVATIVES BY HIGH PERFORMANCE LIQUID CHROMATOGRAPHY QUADRUPOLE TIME OF FLIGHT MASS SPECTROMETRY","IDENTIFICATION OF SUBSTITUTED CATHINONES 3 4 METHYLENEDIOXY DERIVATIVES BY HIGH PERFORMANCE LIQUID CHROMATOGRAPHY QUADRUPOLE TIME OF FLIGHT MASS SPECTROMETRY","Duplicate"
"IDENTITY CONFIRMATION OF DRUGS AND EXPLOSIVES IN ION MOBILITY SPECTROMETRY USING A SECONDARY DRIFT GAS","IDENTITY CONFIRMATION OF DRUGS AND EXPLOSIVES IN ION MOBILITY SPECTROMETRY USING A SECONDARY DRIFT GAS","Duplicate"
"ILLEGAL DRUG RELATED DEATHS IN EAST GERMANY BETWEEN 1995 AND 2004","ILLEGAL DRUG RELATED DEATHS IN EAST GERMANY BETWEEN 1995 AND 2004","Duplicate"
"IMPACT DAMAGE ON A BULLET AND THE COMPARISON TO A SILICONE CAST OF DAMAGE ON A SHOWER DOOR FRAME","IMPACT DAMAGE ON A BULLET AND THE COMPARISON TO A SILICONE CAST OF DAMAGE ON A SHOWER DOOR FRAME","Duplicate"
"IMPLEMENTATION OF DART AND DESI IONIZATION ON A FIELDABLE MASS SPECTROMETER","IMPLEMENTATION OF DART AND DESI IONIZATION ON A FIELDABLE MASS SPECTROMETER","Duplicate"
"IMPLEMENTING CONTEXT INFORMATION MANAGEMENT IN FORENSIC CASEWORK MINIMIZING CONTEXTUAL BIAS IN FIREARMS EXAMINATION","IMPLEMENTING CONTEXT INFORMATION MANAGEMENT IN FORENSIC CASEWORK MINIMIZING CONTEXTUAL BIAS IN FIREARMS EXAMINATION","Duplicate"
"IMPLEMENTING COUNTER MEASURES AGAINST CONFIRMATION BIAS IN FORENSIC SCIENCE","IMPLEMENTING COUNTER MEASURES AGAINST CONFIRMATION BIAS IN FORENSIC SCIENCE","Duplicate"
"INVESTIGATING THE EFFECT OF CHANGING AMMUNITION ON THE COMPOSITION OF ORGANIC ADDITIVES IN GUNSHOT RESIDUE OGSR","INVESTIGATING THE EFFECT OF CHANGING AMMUNITION ON THE COMPOSITION OF ORGANIC ADDITIVES IN GUNSHOT RESIDUE OGSR","Duplicate"
"INVESTIGATION OF ISOTOPIC LINKAGE BETWEEN PRECURSOR AND PRODUCT IN THE SYNTHESIS OF A HIGH EXPLOSIVE","INVESTIGATION OF ISOTOPIC LINKAGE BETWEEN PRECURSOR AND PRODUCT IN THE SYNTHESIS OF A HIGH EXPLOSIVE","Duplicate"
"ISOTOPE RATIO MASS SPECTROMETRY","ISOTOPE RATIO MASS SPECTROMETRY","Duplicate"
"LASER INDUCED BREAKDOWN SPECTROSCOPY FOR THE RAPID CHARACTERIZATION OF LEAD FREE GUNSHOT RESIDUES","LASER INDUCED BREAKDOWN SPECTROSCOPY FOR THE RAPID CHARACTERIZATION OF LEAD FREE GUNSHOT RESIDUES","Duplicate"
"LEGAL ISSUES IN ORAL FLUID TESTING","LEGAL ISSUES IN ORAL FLUID TESTING","Duplicate"
"LEICA FSC COMPARISON MACROSCOPE","LEICA FSC COMPARISON MACROSCOPE","Duplicate"
"LIKELIHOOD RATIO MODEL FOR CLASSIFICATION OF FORENSIC EVIDENCE","LIKELIHOOD RATIO MODEL FOR CLASSIFICATION OF FORENSIC EVIDENCE","Duplicate"
"LOW PRESSURE BARRIER DISCHARGE ION SOURCE USING AIR AS A CARRIER GAS AND ITS APPLICATION TO THE ANALYSIS OF DRUGS AND EXPLOSIVES","LOW PRESSURE BARRIER DISCHARGE ION SOURCE USING AIR AS A CARRIER GAS AND ITS APPLICATION TO THE ANALYSIS OF DRUGS AND EXPLOSIVES","Duplicate"
"MAGNETIC RESONANCE DETECTION OF EXPLOSIVES AND ILLICIT MATERIALS","MAGNETIC RESONANCE DETECTION OF EXPLOSIVES AND ILLICIT MATERIALS","Duplicate"
"MAGNETIC RESONANCE DETECTION OF EXPLOSIVES AND ILLICIT MATERIALS","MAGNETIC RESONANCE DETECTION OF EXPLOSIVES AND ILLICIT MATERIALS","Duplicate"
"MAGNETIC RESONANCE DETECTION OF EXPLOSIVES AND ILLICIT MATERIALS","MAGNETIC RESONANCE DETECTION OF EXPLOSIVES AND ILLICIT MATERIALS","Duplicate"
"MASS SPECTROMETRY IMAGING OF ILLICIT DRUGS IN LATENT FINGERPRINTS BY MATRIX FREE AND MATRIX ASSISTED DESORPTION IONIZATION TECHNIQUES","MASS SPECTROMETRY IMAGING OF ILLICIT DRUGS IN LATENT FINGERPRINTS BY MATRIX FREE AND MATRIX ASSISTED DESORPTION IONIZATION TECHNIQUES","Duplicate"
"META ANALYTICALLY QUANTIFYING THE RELIABILITY AND BIASABILITY OF FORENSIC EXPERTS","META ANALYTICALLY QUANTIFYING THE RELIABILITY AND BIASABILITY OF FORENSIC EXPERTS","Duplicate"
"METABOLISM AND THE URINARY EXCRETION PROFILE OF THE RECENTLY SCHEDULED DESIGNER DRUG N BENZYLPIPERAZINE BZP IN THE RAT","METABOLISM AND THE URINARY EXCRETION PROFILE OF THE RECENTLY SCHEDULED DESIGNER DRUG N BENZYLPIPERAZINE BZP IN THE RAT","Duplicate"
"METABOLISM OF THE PSYCHOTOMIMETIC TRYPTAMINE DERIVATIVE 5 METHOXY N N DIISOPROPYLTRYPTAMINE IN HUMANS IDENTIFICATION AND QUANTIFICATION OF ITS URINARY METABOLITES","METABOLISM OF THE PSYCHOTOMIMETIC TRYPTAMINE DERIVATIVE 5 METHOXY N N DIISOPROPYLTRYPTAMINE IN HUMANS IDENTIFICATION AND QUANTIFICATION OF ITS URINARY METABOLITES","Duplicate"
"METHOD FOR DETECTION OF 4 HYDROXYBUTYRIC ACID AND ITS PRECURSOR S IN FLUIDS","METHOD FOR DETECTION OF 4 HYDROXYBUTYRIC ACID AND ITS PRECURSOR S IN FLUIDS","Duplicate"
"MICELLAR ELECTROKINETIC CHROMATOGRAPHIC SCREENING METHOD FOR COMMON SEXUAL ASSAULT DRUGS ADMINISTERED IN BEVERAGES","MICELLAR ELECTROKINETIC CHROMATOGRAPHIC SCREENING METHOD FOR COMMON SEXUAL ASSAULT DRUGS ADMINISTERED IN BEVERAGES","Duplicate"
"MINIMIZING CONTEXTUAL BIAS IN FORENSIC CASEWORK","MINIMIZING CONTEXTUAL BIAS IN FORENSIC CASEWORK","Duplicate"
"MINIMIZING CONTEXTUAL BIAS IN FORENSIC CASEWORK","MINIMIZING CONTEXTUAL BIAS IN FORENSIC CASEWORK","Duplicate"
"MOBILE PHASE INFLUENCE ON ELECTROSPRAY IONIZATION FOR THE ANALYSIS OF SMOKELESS POWDERS BY GRADIENT REVERSED PHASE HIGH PERFORMANCE LIQUID CHROMATOGRAPHY ESIMS","MOBILE PHASE INFLUENCE ON ELECTROSPRAY IONIZATION FOR THE ANALYSIS OF SMOKELESS POWDERS BY GRADIENT REVERSED PHASE HIGH PERFORMANCE LIQUID CHROMATOGRAPHY ESIMS","Duplicate"
"MULTI ANALYTE PROCEDURES FOR SCREENING FOR AND QUANTIFICATION OF DRUGS IN BLOOD PLASMA OR SERUM BY LIQUID CHROMATOGRAPHY SINGLE STAGE OR TANDEM MASS SPECTROMETRY LC MS OR LC MS MS RELEVANT TO CLINICAL AND FORENSIC TOXICOLOGY","MULTI ANALYTE PROCEDURES FOR SCREENING FOR AND QUANTIFICATION OF DRUGS IN BLOOD PLASMA OR SERUM BY LIQUID CHROMATOGRAPHY SINGLE STAGE OR TANDEM MASS SPECTROMETRY LC MS OR LC MS MS RELEVANT TO CLINICAL AND FORENSIC TOXICOLOGY","Duplicate"
"MULTIVARIATE PATTERN RECOGNITION OF PETROLEUM BASED ACCELERANTS BY SOLID PHASE MICROEXTRACTION GAS CHROMATOGRAPHY WITH FLAME IONIZATION DETECTION","MULTIVARIATE PATTERN RECOGNITION OF PETROLEUM BASED ACCELERANTS BY SOLID PHASE MICROEXTRACTION GAS CHROMATOGRAPHY WITH FLAME IONIZATION DETECTION","Duplicate"
"NANO LIQUID CHROMATOGRAPHY HIGH RESOLUTION MASS SPECTROMETRY FOR THE IDENTIFICATION OF METABOLITES OF THE TWO NEW PSYCHOACTIVE SUBSTANCES N ORTHO METHOXYBENZYL 3 4 DIMETHOXYAMPHETAMINE AND N ORTHO METHOXYBENZYL 4 METHYLMETHAMPHETAMINE","NANO LIQUID CHROMATOGRAPHY HIGH RESOLUTION MASS SPECTROMETRY FOR THE IDENTIFICATION OF METABOLITES OF THE TWO NEW PSYCHOACTIVE SUBSTANCES N ORTHO METHOXYBENZYL 3 4 DIMETHOXYAMPHETAMINE AND N ORTHO METHOXYBENZYL 4 METHYLMETHAMPHETAMINE","Duplicate"
"NANOCARRIER BASED BIOLOGICAL FLUORESCENT PROBES FOR SIMULTANEOUS DETECTION OF KETAMINE AND AMPHETAMINE IN LATENT FINGERMARKS","NANOCARRIER BASED BIOLOGICAL FLUORESCENT PROBES FOR SIMULTANEOUS DETECTION OF KETAMINE AND AMPHETAMINE IN LATENT FINGERMARKS","Duplicate"
"NEW APPLICATION OF PSYCHOLOGY TO LAW IMPROVING FORENSIC EVIDENCE AND EXPERT WITNESS CONTRIBUTIONS","NEW APPLICATION OF PSYCHOLOGY TO LAW IMPROVING FORENSIC EVIDENCE AND EXPERT WITNESS CONTRIBUTIONS","Duplicate"
"NEW DEVELOPMENTS IN SPME PART 1 THE USE OF VAPOR PHASE DEPROTONATION AND ON FIBER DERIVATIZATION WITH ALKYLCHLOROFORMATES IN THE ANALYSIS OF PREPARATIONS CONTAINING AMPHETAMINES","NEW DEVELOPMENTS IN SPME PART 1 THE USE OF VAPOR PHASE DEPROTONATION AND ON FIBER DERIVATIZATION WITH ALKYLCHLOROFORMATES IN THE ANALYSIS OF PREPARATIONS CONTAINING AMPHETAMINES","Duplicate"
"NEW DRUGS ON THE INTERNET THE CASE OF CAMFETAMINE","NEW DRUGS ON THE INTERNET THE CASE OF CAMFETAMINE","Duplicate"
"NEW PERSPECTIVES IN THE USE OF INK EVIDENCE IN FORENSIC SCIENCE PART I DEVELOPMENT OF A QUALITY ASSURANCE PROCESS FOR FORENSIC INK ANALYSIS BY HPTLC","NEW PERSPECTIVES IN THE USE OF INK EVIDENCE IN FORENSIC SCIENCE PART I DEVELOPMENT OF A QUALITY ASSURANCE PROCESS FOR FORENSIC INK ANALYSIS BY HPTLC","Duplicate"
"NEW PERSPECTIVES IN THE USE OF INK EVIDENCE IN FORENSIC SCIENCE PART II DEVELOPMENT AND TESTING OF MATHEMATICAL ALGORITHMS FOR THE AUTOMATIC COMPARISON OF INK SAMPLES ANALYSED BY HPTLC","NEW PERSPECTIVES IN THE USE OF INK EVIDENCE IN FORENSIC SCIENCE PART II DEVELOPMENT AND TESTING OF MATHEMATICAL ALGORITHMS FOR THE AUTOMATIC COMPARISON OF INK SAMPLES ANALYSED BY HPTLC","Duplicate"
"NEW PSYCHOACTIVE SUBSTANCES CHEMISTRY PHARMACOLOGY METABOLISM AND DETECTABILITY OF AMPHETAMINE DERIVATIVES WITH MODIFIED RING SYSTEMS","NEW PSYCHOACTIVE SUBSTANCES CHEMISTRY PHARMACOLOGY METABOLISM AND DETECTABILITY OF AMPHETAMINE DERIVATIVES WITH MODIFIED RING SYSTEMS","Duplicate"
"NON INVASIVE ANALYSIS OF TURBID SAMPLES USING DEEP RAMAN SPECTROSCOPY","NON INVASIVE ANALYSIS OF TURBID SAMPLES USING DEEP RAMAN SPECTROSCOPY","Duplicate"
"NONINVASIVE DETECTION OF COCAINE AND HEROIN USE WITH SINGLE FINGERPRINTS DETERMINATION OF AN ENVIRONMENTAL CUTOFF","NONINVASIVE DETECTION OF COCAINE AND HEROIN USE WITH SINGLE FINGERPRINTS DETERMINATION OF AN ENVIRONMENTAL CUTOFF","Duplicate"
"NONINVASIVE DETECTION OF COCAINE AND HEROIN USE WITH SINGLE FINGERPRINTS DETERMINATION OF AN ENVIRONMENTAL CUTOFF","NONINVASIVE DETECTION OF COCAINE AND HEROIN USE WITH SINGLE FINGERPRINTS DETERMINATION OF AN ENVIRONMENTAL CUTOFF","Duplicate"
"NOVEL METHOD FOR THE DETECTION OF NITROGLYCERIN IN SMOKELESS POWDERS","NOVEL METHOD FOR THE DETECTION OF NITROGLYCERIN IN SMOKELESS POWDERS","Duplicate"
"NQR FROM IMAGING TO EXPLOSIVES AND DRUGS DETECTION","NQR FROM IMAGING TO EXPLOSIVES AND DRUGS DETECTION","Duplicate"
"NQR FROM IMAGING TO EXPLOSIVES AND DRUGS DETECTION","NQR FROM IMAGING TO EXPLOSIVES AND DRUGS DETECTION","Duplicate"
"ON THE USE OF IRMS IN FORENSIC SCIENCE PROPOSALS FOR A METHODOLOGICAL APPROACH","ON THE USE OF IRMS IN FORENSIC SCIENCE PROPOSALS FOR A METHODOLOGICAL APPROACH","Duplicate"
"ON THE USE OF IRMS IN FORENSIC SCIENCE PROPOSALS FOR A METHODOLOGICAL APPROACH","ON THE USE OF IRMS IN FORENSIC SCIENCE PROPOSALS FOR A METHODOLOGICAL APPROACH","Duplicate"
"PAINTING THE TARGET AROUND THE MATCHING PROFILE THE TEXAS SHARPSHOOTER FALLACY IN FORENSIC DNA INTERPRETATION","PAINTING THE TARGET AROUND THE MATCHING PROFILE THE TEXAS SHARPSHOOTER FALLACY IN FORENSIC DNA INTERPRETATION","Duplicate"
"PAPER SPRAY IONIZATION MASS SPECTROMETRY APPLIED TO FORENSIC CHEMISTRY DRUGS OF ABUSE INKS AND QUESTIONED DOCUMENTS","PAPER SPRAY IONIZATION MASS SPECTROMETRY APPLIED TO FORENSIC CHEMISTRY DRUGS OF ABUSE INKS AND QUESTIONED DOCUMENTS","Duplicate"
"PATTERNS OF BENZYLPIPERAZINE TRIFLUOROMETHYLPHENYLPIPERAZINE PARTY PILL USE AND ADVERSE EFFECTS IN A POPULATION SAMPLE IN NEW ZEALAND","PATTERNS OF BENZYLPIPERAZINE TRIFLUOROMETHYLPHENYLPIPERAZINE PARTY PILL USE AND ADVERSE EFFECTS IN A POPULATION SAMPLE IN NEW ZEALAND","Duplicate"
"PIPERAZINE LIKE COMPOUNDS A NEW GROUP OF DESIGNER DRUGS OF ABUSE ON THE EUROPEAN MARKET","PIPERAZINE LIKE COMPOUNDS A NEW GROUP OF DESIGNER DRUGS OF ABUSE ON THE EUROPEAN MARKET","Duplicate"
"POSITION OF CHROMATOGRAPHIC TECHNIQUES IN SCREENING FOR DETECTION OF DRUGS OR POISONS IN CLINICAL AND FORENSIC TOXICOLOGY AND OR DOPING CONTROL","POSITION OF CHROMATOGRAPHIC TECHNIQUES IN SCREENING FOR DETECTION OF DRUGS OR POISONS IN CLINICAL AND FORENSIC TOXICOLOGY AND OR DOPING CONTROL","Duplicate"
"POSTMORTEM IDENTIFICATION AND QUANTITATION OF 2 5 DIMETHOXY 4 N PROPYLTHIOPHENETHYLAMINE USING GC MSD AND GC NPD","POSTMORTEM IDENTIFICATION AND QUANTITATION OF 2 5 DIMETHOXY 4 N PROPYLTHIOPHENETHYLAMINE USING GC MSD AND GC NPD","Duplicate"
"PRACTICAL RELEVANCE OF PATTERN UNIQUENESS IN FORENSIC SCIENCE","PRACTICAL RELEVANCE OF PATTERN UNIQUENESS IN FORENSIC SCIENCE","Duplicate"
"QUALITATIVE ANALYSIS AND THE ANSWER BOX A PERSPECTIVE ON PORTABLE RAMAN SPECTROSCOPY","QUALITATIVE ANALYSIS AND THE ANSWER BOX A PERSPECTIVE ON PORTABLE RAMAN SPECTROSCOPY","Duplicate"
"QUANTITATION USING GC TOF MS EXAMPLE OF BROMAZEPAM","QUANTITATION USING GC TOF MS EXAMPLE OF BROMAZEPAM","Duplicate"
"QUANTITATIVE ANALYSIS OF DELTA 9 TETRAHYDROCANNABINOL IN PRESERVED ORAL FLUID BY LIQUID CHROMATOGRAPHY TANDEM MASS SPECTROMETRY","QUANTITATIVE ANALYSIS OF DELTA 9 TETRAHYDROCANNABINOL IN PRESERVED ORAL FLUID BY LIQUID CHROMATOGRAPHY TANDEM MASS SPECTROMETRY","Duplicate"
"QUANTITATIVE ANALYSIS OF MULTIPLE ILLICIT DRUGS IN PRESERVED ORAL FLUID BY SOLID PHASE EXTRACTION AND LIQUID CHROMATOGRAPHY TANDEM MASS SPECTROMETRY","QUANTITATIVE ANALYSIS OF MULTIPLE ILLICIT DRUGS IN PRESERVED ORAL FLUID BY SOLID PHASE EXTRACTION AND LIQUID CHROMATOGRAPHY TANDEM MASS SPECTROMETRY","Duplicate"
"QUANTITATIVE ANALYSIS OF TRACE HEAVY ELEMENTS IN GEOLOGICAL SAMPLES UTILIZING HIGH ENERGY 116 KEV SYNCHROTRON RADIATION X RAY FLUORESCENCE ANALYSIS FOR FORENSIC INVESTIGATION","QUANTITATIVE ANALYSIS OF TRACE HEAVY ELEMENTS IN GEOLOGICAL SAMPLES UTILIZING HIGH ENERGY 116 KEV SYNCHROTRON RADIATION X RAY FLUORESCENCE ANALYSIS FOR FORENSIC INVESTIGATION","Duplicate"
"QUANTITATIVE HIGH RESOLUTION 3D MICROSCOPY IMPROVES CONFIDENCE WHEN DETERMINING THE ORDER OF CREATION OF TOOLMARKS","QUANTITATIVE HIGH RESOLUTION 3D MICROSCOPY IMPROVES CONFIDENCE WHEN DETERMINING THE ORDER OF CREATION OF TOOLMARKS","Duplicate"
"RAMAN SPECTROSCOPY RECENT ADVANCEMENTS TECHNIQUES AND APPLICATIONS","RAMAN SPECTROSCOPY RECENT ADVANCEMENTS TECHNIQUES AND APPLICATIONS","Duplicate"
"RAPID ANALYSIS OF 3 4 METHYLENEDIOXYMETHAMPHETAMINE A COMPARISON OF NONAQUEOUS CAPILLARY ELECTROPHORESIS FLUORESCENCE DETECTION WITH GC MS","RAPID ANALYSIS OF 3 4 METHYLENEDIOXYMETHAMPHETAMINE A COMPARISON OF NONAQUEOUS CAPILLARY ELECTROPHORESIS FLUORESCENCE DETECTION WITH GC MS","Duplicate"
"RAPID ANALYSIS OF COCAINE AND METABOLITES IN URINE USING MICROEXTRACTION IN PACKED SORBENT AND GC MS","RAPID ANALYSIS OF COCAINE AND METABOLITES IN URINE USING MICROEXTRACTION IN PACKED SORBENT AND GC MS","Duplicate"
"RAPID ANALYSIS OF FORENSIC SAMPLES USING AN ATMOSPHERIC SOLID ANALYSIS PROBE INTERFACED TO A LINEAR ION TRAP MASS SPECTROMETER","RAPID ANALYSIS OF FORENSIC SAMPLES USING AN ATMOSPHERIC SOLID ANALYSIS PROBE INTERFACED TO A LINEAR ION TRAP MASS SPECTROMETER","Duplicate"
"RAPID AND DIRECT ANALYSIS OF G HYDROXYBUTYRIC ACID IN URINE BY CAPILLARY ELECTROPHORESIS ELECTROSPRAY IONIZATION ION TRAP MASS SPECTROMETRY","RAPID AND DIRECT ANALYSIS OF G HYDROXYBUTYRIC ACID IN URINE BY CAPILLARY ELECTROPHORESIS ELECTROSPRAY IONIZATION ION TRAP MASS SPECTROMETRY","Duplicate"
"REAL TIME DETECTION OF CONCEALED CHEMICAL HAZARDS UNDER AMBIENT LIGHT CONDITIONS USING RAMAN SPECTROSCOPY","REAL TIME DETECTION OF CONCEALED CHEMICAL HAZARDS UNDER AMBIENT LIGHT CONDITIONS USING RAMAN SPECTROSCOPY","Duplicate"
"RECENT ADVANCES IN THE APPLICATIONS OF CE TO FORENSIC SCIENCES 2005 2007","RECENT ADVANCES IN THE APPLICATIONS OF CE TO FORENSIC SCIENCES 2005 2007","Duplicate"
"RECOVERING OBLITERATED LASER ENGRAVED SERIAL NUMBERS IN FIREARMS","RECOVERING OBLITERATED LASER ENGRAVED SERIAL NUMBERS IN FIREARMS","Duplicate"
"RECREATIONAL USE ANALYSIS AND TOXICITY OF TRYPTAMINES","RECREATIONAL USE ANALYSIS AND TOXICITY OF TRYPTAMINES","Duplicate"
"REPLACEMENT OF IMMUNOASSAY BY LC TANDEM MASS SPECTROMETRY FOR THE ROUTINE MEASUREMENT OF DRUGS OF ABUSE IN ORAL FLUID","REPLACEMENT OF IMMUNOASSAY BY LC TANDEM MASS SPECTROMETRY FOR THE ROUTINE MEASUREMENT OF DRUGS OF ABUSE IN ORAL FLUID","Duplicate"
"RESTORATION OF STAMP MARKS ON STEEL COMPONENTS","RESTORATION OF STAMP MARKS ON STEEL COMPONENTS","Duplicate"
"RESULTS OF FOUR INTER LABORATORY COMPARISONS PROVIDED BY THE FORENSIC ISOTOPE RATIO MASS SPECTROMETRY FIRMS NETWORK","RESULTS OF FOUR INTER LABORATORY COMPARISONS PROVIDED BY THE FORENSIC ISOTOPE RATIO MASS SPECTROMETRY FIRMS NETWORK","Duplicate"
"REVEALING OBLITERATED ENGRAVED MARKS ON HIGH STRENGTH ALUMINIUM ALLOY AA7010 SURFACES BY ETCHING TECHNIQUE","REVEALING OBLITERATED ENGRAVED MARKS ON HIGH STRENGTH ALUMINIUM ALLOY AA7010 SURFACES BY ETCHING TECHNIQUE","Duplicate"
"REVIEW OF SURFACE ENHANCED RAMAN SCATTERING APPLICATIONS IN FORENSIC SCIENCE","REVIEW OF SURFACE ENHANCED RAMAN SCATTERING APPLICATIONS IN FORENSIC SCIENCE","Duplicate"
"ROLE OF LABORATORY SAMPLING DEVICES AND LABORATORY SUBSAMPLING METHODS IN REPRESENTATIVE SAMPLING STRATEGIES","ROLE OF LABORATORY SAMPLING DEVICES AND LABORATORY SUBSAMPLING METHODS IN REPRESENTATIVE SAMPLING STRATEGIES","Duplicate"
"ROLE OF SAMPLING DESIGNS IN OBTAINING REPRESENTATIVE DATA","ROLE OF SAMPLING DESIGNS IN OBTAINING REPRESENTATIVE DATA","Duplicate"
"SCANNING ELECTRON MICROSCOPY FOR FIREARM AND TOOLMARK COMPARISONS","SCANNING ELECTRON MICROSCOPY FOR FIREARM AND TOOLMARK COMPARISONS","Duplicate"
"SCIENCE AND THE LAW FORENSIC SCIENCE NEEDS A MAJOR OVERHAUL PANEL SAYS","SCIENCE AND THE LAW FORENSIC SCIENCE NEEDS A MAJOR OVERHAUL PANEL SAYS","Duplicate"
"SCIENCE IN COURT","SCIENCE IN COURT","Duplicate"
"SCIENTIST VS THE LAW","SCIENTIST VS THE LAW","Duplicate"
"SCREENING FOR AMPHETAMINE AND AMPHETAMINE TYPE DRUGS IN DOPING ANALYSIS BY LIQUID CHROMATOGRAPHY MASS SPECTROMETRY","SCREENING FOR AMPHETAMINE AND AMPHETAMINE TYPE DRUGS IN DOPING ANALYSIS BY LIQUID CHROMATOGRAPHY MASS SPECTROMETRY","Duplicate"
"SCREENING FOR BASIC DRUGS IN EQUINE URINE USING DIRECT INJECTION DIFFERENTIAL GRADIENT LC LC COUPLED TO HYBRID TANDEM MS MS","SCREENING FOR BASIC DRUGS IN EQUINE URINE USING DIRECT INJECTION DIFFERENTIAL GRADIENT LC LC COUPLED TO HYBRID TANDEM MS MS","Duplicate"
"SCREENING LIBRARY ASSISTED IDENTIFICATION AND VALIDATED QUANTIFICATION OF 23 BENZODIAZEPINES FLUMAZENIL ZALEPLONE ZOLPIDEM AND ZOPICLONE IN PLASMA BY LIQUID CHROMATOGRAPHY MASS SPECTROMETRY WITH ATMOSPHERIC PRESSURE CHEMICAL IONIZATION","SCREENING LIBRARY ASSISTED IDENTIFICATION AND VALIDATED QUANTIFICATION OF 23 BENZODIAZEPINES FLUMAZENIL ZALEPLONE ZOLPIDEM AND ZOPICLONE IN PLASMA BY LIQUID CHROMATOGRAPHY MASS SPECTROMETRY WITH ATMOSPHERIC PRESSURE CHEMICAL IONIZATION","Duplicate"
"SCREENING METHOD FOR BENZODIAZEPINES AND HYPNOTICS IN HAIR AT PG MG LEVEL BY LIQUID CHROMATOGRAPHY MASS SPECTROMETRY MASS SPECTROMETRY","SCREENING METHOD FOR BENZODIAZEPINES AND HYPNOTICS IN HAIR AT PG MG LEVEL BY LIQUID CHROMATOGRAPHY MASS SPECTROMETRY MASS SPECTROMETRY","Duplicate"
"SCREENING OF DRUGS AND TOXIC COMPOUNDS WITH LIQUID CHROMATOGRAPHY LINEAR ION TRAP TANDEM MASS SPECTROMETRY","SCREENING OF DRUGS AND TOXIC COMPOUNDS WITH LIQUID CHROMATOGRAPHY LINEAR ION TRAP TANDEM MASS SPECTROMETRY","Duplicate"
"SENSITIVE METHOD FOR THE DETECTION OF 22 BENZODIAZEPINES BY GAS CHROMATOGRAPHY ION TRAP TANDEM MASS SPECTROMETRY","SENSITIVE METHOD FOR THE DETECTION OF 22 BENZODIAZEPINES BY GAS CHROMATOGRAPHY ION TRAP TANDEM MASS SPECTROMETRY","Duplicate"
"SERIAL NUMBER RESTORATION ON TITANIUM FIREARMS","SERIAL NUMBER RESTORATION ON TITANIUM FIREARMS","Duplicate"
"SOIL EXAMINATION FOR A FORENSIC TRACE EVIDENCE LABORATORY PART 1 SPECTROSCOPIC TECHNIQUES","SOIL EXAMINATION FOR A FORENSIC TRACE EVIDENCE LABORATORY PART 1 SPECTROSCOPIC TECHNIQUES","Duplicate"
"SOIL EXAMINATION FOR A FORENSIC TRACE EVIDENCE LABORATORY PART 3 A PROPOSED PROTOCOL FOR THE EFFECTIVE TRIAGE AND MANAGEMENT OF SOIL EXAMINATIONS","SOIL EXAMINATION FOR A FORENSIC TRACE EVIDENCE LABORATORY PART 3 A PROPOSED PROTOCOL FOR THE EFFECTIVE TRIAGE AND MANAGEMENT OF SOIL EXAMINATIONS","Duplicate"
"SOLID PHASE MICROEXTRACTION FOR THE DETERMINATION OF COCAINE AND COCAETHYLENE IN HUMAN HAIR BY GAS CHROMATOGRAPHY MASS SPECTROMETRY","SOLID PHASE MICROEXTRACTION FOR THE DETERMINATION OF COCAINE AND COCAETHYLENE IN HUMAN HAIR BY GAS CHROMATOGRAPHY MASS SPECTROMETRY","Duplicate"
"SOLID STATE FORENSIC FINGER SENSOR FOR INTEGRATED SAMPLING AND DETECTION OF GUNSHOT RESIDUE AND EXPLOSIVES TOWARDS LAB ON A FINGER","SOLID STATE FORENSIC FINGER SENSOR FOR INTEGRATED SAMPLING AND DETECTION OF GUNSHOT RESIDUE AND EXPLOSIVES TOWARDS LAB ON A FINGER","Duplicate"
"SOME EXAMPLES OF APPLICATIONS OF A MICROTHERMAL DESORPTION DEVICE IN THE FORENSIC LABORATORY","SOME EXAMPLES OF APPLICATIONS OF A MICROTHERMAL DESORPTION DEVICE IN THE FORENSIC LABORATORY","Duplicate"
"SOME FORENSIC APPLICATIONS OF A COMBINED MICRO RAMAN AND SCANNING ELECTRON MICROSCOPY SYSTEM","SOME FORENSIC APPLICATIONS OF A COMBINED MICRO RAMAN AND SCANNING ELECTRON MICROSCOPY SYSTEM","Duplicate"
"SPICE A NEVER ENDING STORY","SPICE A NEVER ENDING STORY","Duplicate"
"STABILITY OF SMOKELESS POWDER COMPOUNDS ON COLLECTION DEVICES","STABILITY OF SMOKELESS POWDER COMPOUNDS ON COLLECTION DEVICES","Duplicate"
"STRENGTHENING FORENSIC SCIENCE IN THE UNITED STATES A PATH FORWARD","STRENGTHENING FORENSIC SCIENCE IN THE UNITED STATES A PATH FORWARD","Duplicate"
"STRENGTHENING FORENSIC SCIENCE IN THE UNITED STATES A PATH FORWARD","STRENGTHENING FORENSIC SCIENCE IN THE UNITED STATES A PATH FORWARD","Duplicate"
"STRENGTHENING FORENSIC SCIENCE IN THE UNITED STATES A PATH FORWARD","STRENGTHENING FORENSIC SCIENCE IN THE UNITED STATES A PATH FORWARD","Duplicate"
"STRENGTHENING FORENSIC SCIENCE IN THE UNITED STATES A PATH FORWARD","STRENGTHENING FORENSIC SCIENCE IN THE UNITED STATES A PATH FORWARD","Duplicate"
"STRENGTHENING FORENSIC SCIENCE IN THE UNITED STATES A PATH FORWARD","STRENGTHENING FORENSIC SCIENCE IN THE UNITED STATES A PATH FORWARD","Duplicate"
"STRENGTHENING FORENSIC SCIENCE IN THE UNITED STATES A PATH FORWARD","STRENGTHENING FORENSIC SCIENCE IN THE UNITED STATES A PATH FORWARD","Duplicate"
"STRENGTHENING FORENSIC SCIENCE IN THE UNITED STATES A PATH FORWARD","STRENGTHENING FORENSIC SCIENCE IN THE UNITED STATES A PATH FORWARD","Duplicate"
"STRENGTHENING FORENSIC SCIENCE IN THE UNITED STATES A PATH FORWARD","STRENGTHENING FORENSIC SCIENCE IN THE UNITED STATES A PATH FORWARD","Duplicate"
"STRENGTHENING FORENSIC SCIENCE IN THE UNITED STATES A PATH FORWARD","STRENGTHENING FORENSIC SCIENCE IN THE UNITED STATES A PATH FORWARD","Duplicate"
"STRENGTHENING FORENSIC SCIENCE IN THE UNITED STATES A PATH FORWARD","STRENGTHENING FORENSIC SCIENCE IN THE UNITED STATES A PATH FORWARD","Duplicate"
"STRENGTHENING FORENSIC SCIENCE IN THE UNITED STATES A PATH FORWARD","STRENGTHENING FORENSIC SCIENCE IN THE UNITED STATES A PATH FORWARD","Duplicate"
"STRENGTHENING FORENSIC SCIENCE IN THE UNITED STATES A PATH FORWARD","STRENGTHENING FORENSIC SCIENCE IN THE UNITED STATES A PATH FORWARD","Duplicate"
"STRENGTHENING FORENSIC SCIENCE IN THE UNITED STATES A PATH FORWARD","STRENGTHENING FORENSIC SCIENCE IN THE UNITED STATES A PATH FORWARD","Duplicate"
"STRENGTHENING FORENSIC SCIENCE IN THE UNITED STATES A PATH FORWARD","STRENGTHENING FORENSIC SCIENCE IN THE UNITED STATES A PATH FORWARD","Duplicate"
"STRENGTHENING FORENSIC SCIENCE IN THE UNITED STATES A PATH FORWARD","STRENGTHENING FORENSIC SCIENCE IN THE UNITED STATES A PATH FORWARD","Duplicate"
"STRUCTURE ELUCIDATION OF A NEW DESIGNER BENZYLPIPERAZINE 4 BROMO 2 5 DIMETHOXYBENZYLPIPERAZINE","STRUCTURE ELUCIDATION OF A NEW DESIGNER BENZYLPIPERAZINE 4 BROMO 2 5 DIMETHOXYBENZYLPIPERAZINE","Duplicate"
"STRUCTURE ELUCIDATION OF A NEW DESIGNER BENZYLPIPERAZINE 4 BROMO 2 5 DIMETHOXYBENZYLPIPERAZINE","STRUCTURE ELUCIDATION OF A NEW DESIGNER BENZYLPIPERAZINE 4 BROMO 2 5 DIMETHOXYBENZYLPIPERAZINE","Duplicate"
"SUB SAMPLING AND PREPARING FORENSIC SAMPLES FOR POLLEN ANALYSIS","SUB SAMPLING AND PREPARING FORENSIC SAMPLES FOR POLLEN ANALYSIS","Duplicate"
"SURFACE ASSISTED LASER DESORPTION IONIZATION MASS SPECTROMETRY TECHNIQUES FOR APPLICATION IN FORENSICS","SURFACE ASSISTED LASER DESORPTION IONIZATION MASS SPECTROMETRY TECHNIQUES FOR APPLICATION IN FORENSICS","Duplicate"
"SURFACTANT ENHANCED LIQUID PHASE MICROEXTRACTION OF BASIC DRUGS OF ABUSE IN HAIR COMBINED WITH HIGH PERFORMANCE LIQUID CHROMATOGRAPHY","SURFACTANT ENHANCED LIQUID PHASE MICROEXTRACTION OF BASIC DRUGS OF ABUSE IN HAIR COMBINED WITH HIGH PERFORMANCE LIQUID CHROMATOGRAPHY","Duplicate"
"SURVEILLANCE OF DRUG ABUSE IN HONG KONG BY HAIR ANALYSIS USING LC MS MS","SURVEILLANCE OF DRUG ABUSE IN HONG KONG BY HAIR ANALYSIS USING LC MS MS","Duplicate"
"SWGGUN QUALITY ASSURANCE GUIDELINES","SWGGUN QUALITY ASSURANCE GUIDELINES","Duplicate"
"SYNTHETIC CANNABINOIDS ANALYSIS AND METABOLITES","SYNTHETIC CANNABINOIDS ANALYSIS AND METABOLITES","Duplicate"
"THE ANALYSIS OF LATENT FINGERMARKS ON POLYMER BANKNOTES USING MALDI MS","THE ANALYSIS OF LATENT FINGERMARKS ON POLYMER BANKNOTES USING MALDI MS","Duplicate"
"THE ANALYTICAL CHALLENGES OF CYCLOPROPYLFENTANYL AND CROTONYLFENTANYL AN APPROACH FOR TOXICOLOGICAL ANALYSIS","THE ANALYTICAL CHALLENGES OF CYCLOPROPYLFENTANYL AND CROTONYLFENTANYL AN APPROACH FOR TOXICOLOGICAL ANALYSIS","Duplicate"
"THE DETECTION OF DRUGS OF ABUSE IN FINGERPRINTS USING RAMAN SPECTROSCOPY I LATENT FINGERPRINTS","THE DETECTION OF DRUGS OF ABUSE IN FINGERPRINTS USING RAMAN SPECTROSCOPY I LATENT FINGERPRINTS","Duplicate"
"THE DETECTION OF DRUGS OF ABUSE IN FINGERPRINTS USING RAMAN SPECTROSCOPY II CYANOACRYLATE FUMED FINGERPRINTS","THE DETECTION OF DRUGS OF ABUSE IN FINGERPRINTS USING RAMAN SPECTROSCOPY II CYANOACRYLATE FUMED FINGERPRINTS","Duplicate"
"THE DEVELOPMENT AND APPLICATION OF RANDOM MATCH PROBABILITIES TO FIREARM AND TOOLMARK IDENTIFICATION","THE DEVELOPMENT AND APPLICATION OF RANDOM MATCH PROBABILITIES TO FIREARM AND TOOLMARK IDENTIFICATION","Duplicate"
"THE DEVELOPMENT OF A STABBING MACHINE FOR FORENSIC TEXTILE DAMAGE ANALYSIS","THE DEVELOPMENT OF A STABBING MACHINE FOR FORENSIC TEXTILE DAMAGE ANALYSIS","Duplicate"
"THE DEVELOPMENT OF NOVEL NINHYDRIN ANALOGUES","THE DEVELOPMENT OF NOVEL NINHYDRIN ANALOGUES","Duplicate"
"THE EFFECT OF SOIL TEXTURE ON THE DEGRADATION OF TEXTILES ASSOCIATED WITH BURIED BODIES","THE EFFECT OF SOIL TEXTURE ON THE DEGRADATION OF TEXTILES ASSOCIATED WITH BURIED BODIES","Duplicate"
"THE EFFECT OF THE MACHINING PROCESS AS IT RELATES TO TOOLMARKS ON SURFACES","THE EFFECT OF THE MACHINING PROCESS AS IT RELATES TO TOOLMARKS ON SURFACES","Duplicate"
"THE FORENSIC CONFIRMATION BIAS PROBLEMS PERSPECTIVES AND PROPOSED SOLUTIONS","THE FORENSIC CONFIRMATION BIAS PROBLEMS PERSPECTIVES AND PROPOSED SOLUTIONS","Duplicate"
"THE GC MS DETECTION AND CHARACTERIZATION OF RETICULINE AS A MARKER OF OPIUM USE","THE GC MS DETECTION AND CHARACTERIZATION OF RETICULINE AS A MARKER OF OPIUM USE","Duplicate"
"THE HIDDEN WEB AND THE FENTANYL PROBLEM DETECTION OF OCFENTANIL AS AN ADULTERANT IN HEROIN","THE HIDDEN WEB AND THE FENTANYL PROBLEM DETECTION OF OCFENTANIL AS AN ADULTERANT IN HEROIN","Duplicate"
"THE HISTORY OF THE AFTE JOURNAL THE PEER REVIEW PROCESS AND DAUBERT ISSUES","THE HISTORY OF THE AFTE JOURNAL THE PEER REVIEW PROCESS AND DAUBERT ISSUES","Duplicate"
"THE IDENTIFICATION OF BULLETS FIRED FROM 10 CONSECUTIVELY RIFLED 9MM RUGER PISTOL BARRELS A RESEARCH PROJECT INVOLVING 507 PARTICIPANTS FROM 20 COUNTRIES","THE IDENTIFICATION OF BULLETS FIRED FROM 10 CONSECUTIVELY RIFLED 9MM RUGER PISTOL BARRELS A RESEARCH PROJECT INVOLVING 507 PARTICIPANTS FROM 20 COUNTRIES","Duplicate"
"THE IMPACT OF THE PSYCHOACTIVE SUBSTANCES ACT 2016 ON THE ONLINE AVAILABILITY OF MDMB CHMICA","THE IMPACT OF THE PSYCHOACTIVE SUBSTANCES ACT 2016 ON THE ONLINE AVAILABILITY OF MDMB CHMICA","Duplicate"
"THE INTERACTIVE EFFECT OF THE DEGRADATION OF COTTON CLOTHING AND DECOMPOSITION FLUID PRODUCTION ASSOCIATED WITH DECAYING REMAINS","THE INTERACTIVE EFFECT OF THE DEGRADATION OF COTTON CLOTHING AND DECOMPOSITION FLUID PRODUCTION ASSOCIATED WITH DECAYING REMAINS","Duplicate"
"THE LIKELIHOOD RATIO APPROACH IN CARTRIDGE CASE AND BULLET COMPARISON","THE LIKELIHOOD RATIO APPROACH IN CARTRIDGE CASE AND BULLET COMPARISON","Duplicate"
"THE MECHANICS OF THE GRINDING PROCESS","THE MECHANICS OF THE GRINDING PROCESS","Duplicate"
"THE NEED FOR A RESEARCH CULTURE IN THE FORENSIC SCIENCES","THE NEED FOR A RESEARCH CULTURE IN THE FORENSIC SCIENCES","Duplicate"
"THE NEWEST CATHINONE DERIVATIVES AS DESIGNER DRUGS AN ANALYTICAL AND TOXICOLOGICAL REVIEW","THE NEWEST CATHINONE DERIVATIVES AS DESIGNER DRUGS AN ANALYTICAL AND TOXICOLOGICAL REVIEW","Duplicate"
"THE PRESENCE OF LICIT AND ILLICIT DRUGS IN POLICE STATIONS AND THEIR IMPLICATIONS FOR WORKPLACE DRUG TESTING","THE PRESENCE OF LICIT AND ILLICIT DRUGS IN POLICE STATIONS AND THEIR IMPLICATIONS FOR WORKPLACE DRUG TESTING","Duplicate"
"THE RESTORATION OR DETECTION OF OBLITERATED LASER ETCHED FIREARM MARKINGS BY SCANNING ELECTRON MICROSCOPY AND X RAY MAPPING","THE RESTORATION OR DETECTION OF OBLITERATED LASER ETCHED FIREARM MARKINGS BY SCANNING ELECTRON MICROSCOPY AND X RAY MAPPING","Duplicate"
"THERMAL ANALYSIS FOR DETECTION AND IDENTIFICATION OF EXPLOSIVES AND OTHER CONTROLLED SUBSTANCES","THERMAL ANALYSIS FOR DETECTION AND IDENTIFICATION OF EXPLOSIVES AND OTHER CONTROLLED SUBSTANCES","Duplicate"
"THREE CASES OF RECOVERING LASER ENGRAVED SERIAL NUMBERS OF PISTOLS","THREE CASES OF RECOVERING LASER ENGRAVED SERIAL NUMBERS OF PISTOLS","Duplicate"
"U 47700 AN OLD OPIOID BECOMES A RECENT DANGER","U 47700 AN OLD OPIOID BECOMES A RECENT DANGER","Duplicate"
"USING CHEMINFORMATICS TO PREDICT CROSS REACTIVITY OF DESIGNER DRUGS TO THEIR CURRENTLY AVAILABLE IMMUNOASSAYS","USING CHEMINFORMATICS TO PREDICT CROSS REACTIVITY OF DESIGNER DRUGS TO THEIR CURRENTLY AVAILABLE IMMUNOASSAYS","Duplicate"
"VACUUM COLLECTION OF GUNPOWDER RESIDUES FROM CLOTHING WORN BY SHOOTING SUSPECTS AND THEIR ANALYSIS BY GC TEA IMS AND GC MS","VACUUM COLLECTION OF GUNPOWDER RESIDUES FROM CLOTHING WORN BY SHOOTING SUSPECTS AND THEIR ANALYSIS BY GC TEA IMS AND GC MS","Duplicate"
"VALIDATED TOXICOLOGICAL DETERMINATION OF 30 DRUGS OF ABUSE AS OPTIMIZED DERIVATIVES IN ORAL FLUID BY LONG COLUMN FAST GAS CHROMATOGRAPHY ELECTRON IMPACT MASS SPECTROMETRY","VALIDATED TOXICOLOGICAL DETERMINATION OF 30 DRUGS OF ABUSE AS OPTIMIZED DERIVATIVES IN ORAL FLUID BY LONG COLUMN FAST GAS CHROMATOGRAPHY ELECTRON IMPACT MASS SPECTROMETRY","Duplicate"
"VALIDATION AND APPLICATION OF AN UPLC MS MS METHOD FOR THE QUANTIFICATION OF SYNTHETIC CANNABINOIDS IN URINE SAMPLES AND ANALYSIS OF SEIZED MATERIALS FROM THE PORTUGUESE MARKET","VALIDATION AND APPLICATION OF AN UPLC MS MS METHOD FOR THE QUANTIFICATION OF SYNTHETIC CANNABINOIDS IN URINE SAMPLES AND ANALYSIS OF SEIZED MATERIALS FROM THE PORTUGUESE MARKET","Duplicate"
"VALIDATION AND APPLICATION OF AN UPLC MS MS METHOD FOR THE QUANTIFICATION OF SYNTHETIC CANNABINOIDS IN URINE SAMPLES AND ANALYSIS OF SEIZED MATERIALS FROM THE PORTUGUESE MARKET","VALIDATION AND APPLICATION OF AN UPLC MS MS METHOD FOR THE QUANTIFICATION OF SYNTHETIC CANNABINOIDS IN URINE SAMPLES AND ANALYSIS OF SEIZED MATERIALS FROM THE PORTUGUESE MARKET","Duplicate"
"VALIDATION AND CROSS REACTIVITY DATA FOR FENTANYL ANALOGS WITH THE IMMUNALYSIS FENTANYL ELISA","VALIDATION AND CROSS REACTIVITY DATA FOR FENTANYL ANALOGS WITH THE IMMUNALYSIS FENTANYL ELISA","Duplicate"
"VALIDATION OF A LIQUID CHROMATOGRAPHY TANDEM MASS SPECTROMETRY METHOD FOR THE SIMULTANEOUS DETERMINATION OF 26 BENZODIAZEPINES AND METABOLITES ZOLPIDEM AND ZOPICLONE IN BLOOD URINE AND HAIR","VALIDATION OF A LIQUID CHROMATOGRAPHY TANDEM MASS SPECTROMETRY METHOD FOR THE SIMULTANEOUS DETERMINATION OF 26 BENZODIAZEPINES AND METABOLITES ZOLPIDEM AND ZOPICLONE IN BLOOD URINE AND HAIR","Duplicate"
"VALIDATION OF NEW METHODS","VALIDATION OF NEW METHODS","Duplicate"
"VERSATILE NEW ION SOURCE FOR THE ANALYSIS OF MATERIALS IN OPEN AIR UNDER AMBIENT CONDITIONS","VERSATILE NEW ION SOURCE FOR THE ANALYSIS OF MATERIALS IN OPEN AIR UNDER AMBIENT CONDITIONS","Duplicate"
"VERSATILE NEW ION SOURCE FOR THE ANALYSIS OF MATERIALS IN OPEN AIR UNDER AMBIENT CONDITIONS","VERSATILE NEW ION SOURCE FOR THE ANALYSIS OF MATERIALS IN OPEN AIR UNDER AMBIENT CONDITIONS","Duplicate"
"VISUALIZATION OF LATENT FINGERPRINT CORROSION OF METALLIC SURFACES","VISUALIZATION OF LATENT FINGERPRINT CORROSION OF METALLIC SURFACES","Duplicate"
"VISUALIZATION OF LATENT FINGERPRINT CORROSION ON A DISCHARGED BRASS SHELL CASING","VISUALIZATION OF LATENT FINGERPRINT CORROSION ON A DISCHARGED BRASS SHELL CASING","Duplicate"
"WORK PLACE DRUG TESTING OF POLICE OFFICERS AFTER THC EXPOSURE DURING LARGE VOLUME CANNABIS SEIZURES","WORK PLACE DRUG TESTING OF POLICE OFFICERS AFTER THC EXPOSURE DURING LARGE VOLUME CANNABIS SEIZURES","Duplicate"
"4 BROMO 2 5 DIMETHOXYPHENETHYLAMINE 2C B  A REVIEW OF THE PUBLIC DOMAIN LITERATURE","4 BROMO 2 5 DIMETHOXYPHENETHYLAMINE 2C B A REVIEW OF THE PUBLIC DOMAIN LITERATURE","Partial"
"A COMPREHENSIVE STATISTICAL ANALYSIS OF STRIATED TOOLMARK EXAMINATIONS PART 2 COMPARING KNOWN MATCHES AND KNOWN NON MATCHES USING LIKELIHOOD RATIOS","A COMPREHENSIVE STATISTICAL ANALYSIS OF STRIATED TOOL MARK EXAMINATIONS PART 2 COMPARING KNOWN MATCHES AND KNOWN NON MATCHES USING LIKELIHOOD RATIOS","Partial"
"GRANULE SIZE DISTRIBUTION OF TABLETS","A SYSTEMATIC STUDY TO UNDERSTAND THE EFFECTS OF PARTICLE SIZE DISTRIBUTION OF MAGNETIC FINGERPRINT POWDERS ON SURFACES WITH VARIOUS POROSITIES","Partial"
"PIPERAZINE DESIGNER DRUGS OF ABUSE","A2 N BENZYLPIPERAZINE A NEW DRUG OF ABUSE IN SWEDEN","Partial"
"XTC CHARACTERISATION USING ICPMS","ADVANCED MINERALOGY RESEARCH MINERAL CHARACTERIZATION USING QEMSCAN TECHNIQUES","Partial"
"CAPILLARY ELECTROPHORESIS IN CLINICAL AND FORENSIC ANALYSIS","ADVANCES OF CAPILLARY ELECTROPHORESIS IN CLINICAL AND FORENSIC ANALYSIS 1999 2000","Partial"
"QUANTITATIVE SURFACE ENHANCED RAMAN SPECTROSCOPY","AG AU NANOPARTICLE LOADED PAPER BASED VERSATILE SURFACE ENHANCED RAMAN SPECTROSCOPY SUBSTRATES FOR MULTIPLE EXPLOSIVES DETECTION","Partial"
"ANALYSIS OF OHAPPY WATER SAMPLES","AN EVALUATION OF TWO WASH PROCEDURES FOR THE DIFFERENTIATION OF EXTERNAL CONTAMINATION VERSUS INGESTION IN THE ANALYSIS OF HUMAN HAIR SAMPLES FOR COCAINE","Partial"
"ANALYSIS OF A SUSPECTED DRUG SAMPLE","AN EXPLORATORY ANALYSIS OF SUSPECTED DRUG FACILITATED SEXUAL ASSAULT SEEN IN HOSPITAL EMERGENCY DEPARTMENT","Partial"
"AN EXPLORATORY BAYESIAN MODEL FOR FIREARM AND TOOLMARK INTERPRETATION","AN EXPLORATORY BAYESIAN MODEL FOR FIREARM AND TOOL MARK INTERPRETATION","Partial"
"ANALYSIS AND CLASSIFICATION OF SMOKELESS POWDERS BY GCA MS AND DART TOFMS","ANALYSIS AND CLASSIFICATION OF SMOKELESS POWDERS BY GCOMS AND DART TOFMS","Partial"
"ANALYSIS OF THE ESSENTIAL ASPECTS OF STRIATED TOOL MARK EXAMINATIONS AND THE METHODS FOR IDENTIFICATION","ANALYSIS OF THE ESSENTIAL ASPECTS OF STRIATED TOOL MARK EXAMINATIONS AND THE METHODS OF IDENTIFICATIONS","Partial"
"FIBRE MAPPING  A CASE STUDY","ASSESSING TNT AND DNT GROUNDWATER CONTAMINATION BY COMPOUND SPECIFIC ISOTOPE ANALYSIS AND 3H 3HE GROUNDWATER DATING A CASE STUDY IN PORTUGAL","Partial"
"THE BEHAVIOR OF EXPELLED GLASS FRAGMENTS DURING PROJECTILE PENETRATION AND PERFORATION OF GLASS","BEHAVIOR OF EXPELLED GLASS FRAGMENTS FURING PROJECTILE PENETRATION AND PERFORATION OF GLASS","Partial"
"BETA KETO AMPHETAMINES STUDIES ON THE METABOLISM OF THE DESIGNER DRUG MEPHEDRONE AND TOXICOLOGICAL DETECTION OF MEPHEDRONE BUTYLONE AND METHYLONE IN URINE USING GAS CHROMATOGRAPHY  MASS SPECTROMETRY","BETA KETO AMPHETAMINES STUDIES ON THE METABOLISM OF THE DESIGNER DRUG MEPHEDRONE AND TOXICOLOGICAL DETECTION OF MEPHEDRONE BUTYLONE AND METHYLONE IN URINE USING GAS CHROMATOGRAPHY MASS SPECTROMETRY","Partial"
"CASTINGS OF COMPLEX STEREOMETRIC SAMPLES FOR PROFICIENCY TESTS IN FIREARM AND TOOL MARK EXAMINATIONS","CASTINGS OF COMPLEX STEREOMETRIC SAMPLES FOR PROFICIENCY TESTS IN FIREARM AND TOOL MARK EXAMINATION","Partial"
"CHEMISTRY PHARMACOLOGY TOXICOLOGY AND HEPATIC METABOLISM OF DESIGNER DRUGS OF THE AMPHETAMINE ECSTASY  PIPERAZINE AND PYRROLIDINOPHENONE TYPES A SYNOPSIS","CHEMISTRY PHARMACOLOGY TOXICOLOGY AND HEPATIC METABOLISM OF DESIGNER DRUGS OF THE AMPHETAMINE ECSTASY PIPERAZINE AND PYRROLIDINOPHENONE TYPES A SYNOPSIS","Partial"
"VOLTAMMETRIC ANALYSIS OF DRUGS","CHEMOMETRIC ANALYSIS OF DIESEL FUEL FOR FORENSIC AND ENVIRONMENTAL APPLICATIONS","Partial"
"COMPARISON SCANNING ELECTRON MICROSCOPY IN FORENSIC SCIENCE FROM THE BEGINNING OF THE ELECTRON MICROSCOPY TOWARDS COMPARISON VARIABLE PRESSURE SEM IMAGING IN FIREARMS AND TOOL MARKS EXAMINATIONS","COMPARISON SCANNING ELECTRON MICROSCOPY IN FORENSIC SCIENCE FROM THE BEGINNING OF ELECTRON MICROSCOPY TOWARDS COMPARISON VARIABLE PRESSURE SEM IMAGING IN FIREARMS AND TOOL MARKS EXAMINATIONS","Partial"
"DEVELOPMENT OF A HANDHELD WIDEFIELD HYPERSPECTRAL IMAGING HSI SENSOR FOR STANDOFF DETECTION OF EXPLOSIVE CHEMICAL AND NARCOTIC RESIDUES","CONTINUED DEVELOPMENT OF A PORTABLE WIDEFIELD HYPERSPECTRAL IMAGING HSI SENSOR FOR STANDOFF DETECTION OF EXPLOSIVE CHEMICAL AND NARCOTIC RESIDUES","Partial"
"CROSS REACTIVITIES AND STRUCTURE REACTIVITY RELATIONSHIPS OF SIX BENZODIAZEPINES TO EMITA A IMMUNOASSAY","CROSS REACTIVITIES AND STRUCTURE REACTIVITY RELATIONSHIPS OF SIX BENZODIAZEPINES TO EMIT IMMUNOASSAY","Partial"
"PITFALLS IN LC MS MS ANALYSIS","DBS DIRECT ELUTION OPTIMIZING PERFORMANCE IN HIGH THROUGHPUT QUANTITATIVE LC MS MS ANALYSIS","Partial"
"PITFALLS IN LC MS MS ANALYSIS","DBS DIRECT ELUTION OPTIMIZING PERFORMANCE IN HIGH THROUGHPUT QUANTITATIVE LC MS MS ANALYSIS","Partial"
"DESIGNER DRUGS 2 5 DIMETHOXY 4 BROMO AMPHETAMINE DOB AND 2 5 DIMETHOXY 4 BROMO METHAMPHETAMINE MDOB  STUDIES ON THEIR METABOLISM AND TOXICOLOGICAL DETECTION IN RAT URINE USING GAS CHROMATOGRAPHIC MASS SPECTROMETRIC TECHNIQUES","DESIGNER DRUGS 2 5 DIMETHOXY 4 BROMO AMPHETAMINE DOB AND 2 5 DIMETHOXY 4 BROMO METHAMPHETAMINE MDOB STUDIES ON THEIR METABOLISM AND TOXICOLOGICAL DETECTION IN RAT URINE USING GAS CHROMATOGRAPHIC MASS SPECTROMETRIC TECHNIQUES","Partial"
"DETECTION OF EXPLOSIVES AND ILLICIT DRUGS USING NEUTRONS","DETECTION AND IDENTIFICATION OF EXPLOSIVES AND ILLICIT DRUGS USING NEUTRON BASED TECHNIQUES","Partial"
"DETERMINING THE NUMBER OF TEST FIRES NEEDED TO REPRESENT THE VARIABILITY PRESENT WITHIN 9 MM LUGER FIREARMS","DETERMINING THE NUMBER OF TEST FIRES NEEDED TO REPRESENT THE VARIABILITY PRESENT WITHIN 9MM LUGER FIREARMS","Partial"
"DEVELOPMENT OF METHODS IN CE CE MS AND MS  MS APPLICATIONS IN PHARMACEUTICAL BIOMEDICAL AND FORENSIC SCIENCES","DEVELOPMENT OF METHODS IN CE CE MS AND MS MS APPLICATIONS IN PHARMACEUTICAL BIOMEDICAL AND FORENSIC SCIENCES","Partial"
"DEVELOPMENT OF SIMULTANEOUS GAS CHROMATOGRAPHY MASS SPECTROMETRIC AND LIQUID CHROMATOGRAPHY ELECTROSPRAY IONIZATION MASS SPECTROMETRIC DETERMINATION METHOD FOR THE NEW DESIGNER DRUGS N BENZYLPIPERAZINE BZP  1 3 TRIFLUOROMETHYLPHENYL PIPERAZINE TFMPP AND THEIR MAIN METABOLITES IN URINE","DEVELOPMENT OF SIMULTANEOUS GAS CHROMATOGRAPHY MASS SPECTROMETRIC AND LIQUID CHROMATOGRAPHY ELECTROSPRAY IONIZATION MASS SPECTROMETRIC DETERMINATION METHOD FOR THE NEW DESIGNER DRUGS N BENZYLPIPERAZINE BZP 1 3 TRIFLUOROMETHYLPHENYL PIPERAZINE TFMPP AND THEIR MAIN METABOLITES IN URINE","Partial"
"DIAGNOSTIC EFFICIENCY OF DIFFERENT AMPHETAMINE SCREENING TESTS  THE SEARCH FOR AN OPTIMAL CUTOFF","DIAGNOSTIC EFFICIENCY OF DIFFERENT AMPHETAMINE SCREENING TESTS THE SEARCH FOR AN OPTIMAL CUTOFF","Partial"
"TLC OF PSYCHOSTIMULANTS","EFFECT OF BIOSTIMULANTS ON 2 4 6 TRINITROTOLUENE TNT DEGRADATION AND BACTERIAL COMMUNITY COMPOSITION IN CONTAMINATED AQUIFER SEDIMENT ENRICHMENTS","Partial"
"DESIGN FOR ELECTROSPRAY IONIZATION ION MOBILITY SPECTROMETRY","EFFECT OF HALIDE IONS ON SECONDARY ELECTROSPRAY IONIZATION ION MOBILITY SPECTROMETRY FOR THE DETERMINATION OF TNT EXTRACTED BY DISPERSIVE LIQUID LIQUID MICROEXTRACTION","Partial"
"REPRINT FORENSIC BALLISTICS","EVIDENTIAL SIGNIFICANCE OF MULTIPLE FRACTURE PATTERNS ON THE GLASS IN FORENSIC BALLISTICS","Partial"
"THE COMBUSTABILITY OF TEXTILES","EXPERIMENTS IN THE COMBUSTIBILITY OF THE HUMAN BODY","Partial"
"FIREARM AND TOOLMARK IDENTIFICATION THE SCIENTIFIC RELIABILITY AND VALIDITY OF THE AFTE THEORY OF IDENTIFICATION DISCUSSED WITHIN THE FRAMEWORK OF A STUDY OF TEN CONSECUTIVELY MANUFACTURED EXTRACTORS","FIREARM AND TOOL MARK IDENTIFICATION THE SCIENTIFIC RELIABILITY AND VALIDITY OF THE AFTE THEORY OF IDENTIFICATION DISCUSSED WITHIN THE FRAMEWORK OF A STUDY OF TEN CONSECUTIVELY MANUFACTURED EXTRACTORS","Partial"
"FORENSIC DRUG ANALYSIS AND MICROFLUIDICS","FORENSIC DNA ANALYSIS ON MICROFLUIDIC DEVICES A REVIEW","Partial"
"GC MS DETERMINATION OF AMPHETAMINES IN HUMAN URINE","GC MS DETERMINATION OF AMPHETAMINES IN SERUM USING ON LINE TRIFLUOROACETYLATION","Partial"
"HOW UNIQUE ARE IMPRESSED TOOLMARKS  AN EMPERICAL STUDY OF 20 WORN HAMMER FACES","HOW UNIQUE ARE IMPRESSED TOOLMARKS AN EMPIRICAL STUDY OF 20 WORN HAMMER FACES","Partial"
"IDENTIFICATION OF PRODUCTION TOOLMAKRS INSIDE CARTRIDGE CASES","IDENTIFICATION OF PRODUCTION TOOLMARKS INSIDE CARTRIDGE CASES","Partial"
"IDENTIFICATION OF TWO NEW TYPE SYNTHETIC CANNABINOIDS N 1 ADAMANTYL 1 PENTYL 1H INDOLE 3 CARBOXAMIDE APICA AND N 1 ADAMANTYL 1 PENTYL 1H INDAZOLE 3 CARBOXAMIDE APINACA  AND DETECTION OF FIVE SYNTHETIC CANNABINOIDS AM 1220 AM 2233 AM 1241 CB 13 CRA 13  AND AM 1248 AS DESIGNER DRUGS IN ILLEGAL PRODUCTS","IDENTIFICATION OF TWO NEW TYPE SYNTHETIC CANNABINOIDS N 1 ADAMANTYL 1 PENTYL 1H INDOLE 3 CARBOXAMIDE APICA AND N 1 ADAMANTYL 1 PENTYL 1H INDAZOLE 3 CARBOXAMIDE APINACA AND DETECTION OF FIVE SYNTHETIC CANNABINOIDS AM 1220 AM 2233 AM 1241 CB 13 CRA 13 AND AM 1248 AS DESIGNER DRUGS IN ILLEGAL PRODUCTS","Partial"
"INCREASES IN FENTANYL RELATED OVERDOSE DEATHS A A A  FLORIDA AND OHIO 2013 2015","INCREASES IN FENTANYL RELATED OVERDOSE DEATHS A FLORIDA AND OHIO 2013 2015","Partial"
"NANOPARTICLES IN GUNSHOT RESIDUE","INVESTIGATING THE EFFECT OF CHANGING AMMUNITION ON THE COMPOSITION OF ORGANIC ADDITIVES IN GUNSHOT RESIDUE OGSR","Partial"
"NOVEL ZOLPIDEM FORMULATIONS","INVESTIGATION INTO THE PERFORMANCE OF PHYSICAL DEVELOPER FORMULATIONS FOR VISUALIZING LATENT FINGERPRINTS ON PAPER","Partial"
"CHARACTERIZATION OF LEAD FREE GUNSHOT RESIDUE ANALOGS","LASER INDUCED BREAKDOWN SPECTROSCOPY FOR THE RAPID CHARACTERIZATION OF LEAD FREE GUNSHOT RESIDUES","Partial"
"LC HIGH RESOLUTION MS MS FOR IDENTIFICATION OF 69 METABOLITES OF THE NEW PSYCHOACTIVE SUBSTANCE 1 4 ETHYLPHENYL  N  2 METHOXYPHENYL METHYL PROPANE 2 AMINE 4 EA NBOME IN RAT URINE AND HUMAN LIVER S9 INCUBATES AND COMPARISON OF ITS SCREENING POWER WITH FURTHER MS TECHNIQUES","LC HIGH RESOLUTION MS MS FOR IDENTIFICATION OF 69 METABOLITES OF THE NEW PSYCHOACTIVE SUBSTANCE 1 4 ETHYLPHENYL N 2 METHOXYPHENYL METHYL PROPANE 2 AMINE 4 EA NBOME IN RAT URINE AND HUMAN LIVER S9 INCUBATES AND COMPARISON OF ITS SCREENING POWER WITH FURTHER MS TECHNIQUES","Partial"
"LIQUID CHROMATOGRAPHY MASS SPECTROMETRY IN ANABOLIC STEROID ANALYSIS  OPTIMIZATION AND COMPARISON OF THREE IONIZATION TECHNIQUES ELECTROSPRAY IONIZATION ATMOSPHERIC PRESSURE CHEMICAL IONIZATION AND ATMOSPHERIC PRESSURE PHOTOIONIZATION","LIQUID CHROMATOGRAPHY MASS SPECTROMETRY IN ANABOLIC STEROID ANALYSIS OPTIMIZATION AND COMPARISON OF THREE IONIZATION TECHNIQUES ELECTROSPRAY IONIZATION ATMOSPHERIC PRESSURE CHEMICAL IONIZATION AND ATMOSPHERIC PRESSURE PHOTOIONIZATION","Partial"
"LIQUID CHROMATOGRAPHIC MASS SPECTROMETRY IN FORENSIC TOXICOLOGY","LIQUID CHROMATOGRAPHY MASS SPECTROMETRY IN FORENSIC TOXICOLOGY","Partial"
"MDPV AND AZA PVP USE IN HUMANS THE TWISTED SISTERS","MDPV AND PVP USE IN HUMANS THE TWISTED SISTERS","Partial"
"THE SITUATION IN GERMANY AND UK","MEDICOLEGAL EVALUATION OF SUICIDAL DEATHS EXEMPLIFIED BY THE SITUATION IN GERMANY","Partial"
"METACHLOROPHENYLPIPERAZINE MCPP  A NEW DESIGNER DRUG LA M TACHLOROPH NYLPIP RAZINE MCPP  UNE NOUVELLE DROGUE DE SYNTH SE","METACHLOROPHENYLPIPERAZINE MCPP A NEW DESIGNER DRUG LA METACHLOROPHENYLPIPERAZINE MCPP UNE NOUVELLE DROGUE DE SYNTHESE","Partial"
"SPME TECHNIQUES FOR BIOMEDICAL ANALYSIS","MICROEXTRACTION SAMPLE PREPARATION TECHNIQUES IN BIOMEDICAL ANALYSIS","Partial"
"MORPHOLOGICAL IMPRINT  DETERMINATION OF THE INJURY CAUSING WEAPON FROM THE WOUND MORPHOLOGY USING FORENSIC 3D CAD SUPPORTED PHOTOGRAMMETRY","MORPHOLOGICAL IMPRINT DETERMINATION OF THE INJURY CAUSING WEAPON FROM THE WOUND MORPHOLOGY USING FORENSIC 3D CAD SUPPORTED PHOTOGRAMMETRY","Partial"
"NEW DESIGNER DRUG AZA PYRROLIDINOVALEROPHENONE PVP  STUDIES ON ITS METABOLISM AND TOXICOLOGICAL DETECTION IN RAT URINE USING GAS CHROMATOGRAPHIC MASS SPECTROMETRIC TECHNIQUES","NEW DESIGNER DRUG A PYRROLIDINOVALEROPHENONE PVP STUDIES ON ITSMETABOLISM AND TOXICOLOGICAL DETECTION IN RAT URINE USING GAS CHROMATOGRAPHIC MASS SPECTROMETRIC TECHNIQUES","Partial"
"NEW DESIGNER DRUG N 1 PHENYLCYCLOHEXYL 3 ETHOXYPROPANAMINE PCEPA  STUDIES ON ITS METABOLISM AND TOXICOLOGICAL DETECTION IN RAT URINE USING GAS CHROMATOGRAPHIC MASS SPECTROMETRIC TECHNIQUES","NEW DESIGNER DRUG N 1 PHENYLCYCLOHEXYL 3 ETHOXYPROPANAMINE PCEPA STUDIES ON ITS METABOLISM AND TOXICOLOGICAL DETECTION IN RAT URINE USING GAS CHROMATOGRAPHIC MASS SPECTROMETRIC TECHNIQUES","Partial"
"NEW  PARTY PILL COMPONENTS IN NEW ZEALAND THE SYNTHESIS AND ANALYSIS OF SOME  KETONE ANALOGUES OF 3 4 METHYLENEDIOXYMETHAMPHETAMINE MDMA INCLUDING K DMBDB  KETONE N N DIMETHYL 1 1 3 BENZODIOXOL 5 YL 2 BUTANAMINE","NEW PARTY PILL COMPONENTS IN NEW ZEALAND THE SYNTHESIS AND ANALYSIS OF SOME AY KETONE ANALOGUES OF 3 4 METHYLENEDIOXYMETHAMPHETAMINE MDMA INCLUDING AYK DMBDB AY KETONE N N DIMETHYL 1 1 3 BENZODIOXOL 5 YL 2 BUTANAMINE","Partial"
"ON SITE TESTING OF ILLICIT DRUGS THE USE OF THE DRUG TESTING DEVICE TOXIQUICK ","ON SITE TESTING OF ILLICIT DRUGS THE USE OF THE DRUG TESTING DEVICE TOXIQUICK","Partial"
"OSMOLALITY  A NOVEL AND SENSITIVE TOOL FOR DETECTION OF TAMPERING OF BEVERAGES ADULTERATED WITH ETHANOL AA A A BUTYROLACTONE AND 1 4 BUTANEDIOL AND FOR DETECTION OF DILUTIONTAMPERED DEMEROL SYRINGES","OSMOLALITY A NOVEL AND SENSITIVE TOOL FOR DETECTION OF TAMPERING OF BEVERAGES ADULTERATED WITH ETHANOL G BUTYROLACTONE AND 1 4 BUTANEDIOL AND FOR DETECTION OF DILUTIONTAMPERED DEMEROL SYRINGES","Partial"
"OVERDOSE DEATHS RELATED TO FENTANYL AND ITS ANALOGS  OHIO JANUARY FEBRUARY 2017","OVERDOSE DEATHS RELATED TO FENTANYL AND ITS ANALOGS OHIO JANUARY FEBRUARY 2017","Partial"
"FORENSIC CHEMISTRY DRUGS ON MONEY","PAPER SPRAY IONIZATION MASS SPECTROMETRY APPLIED TO FORENSIC CHEMISTRY DRUGS OF ABUSE INKS AND QUESTIONED DOCUMENTS","Partial"
"PRACTICAL SOLUTIONS TO COGNITIVE AND HUMAN HUMAN FACTOR CHALLENGES IN FORENSIC SCIENCE","PRACTICAL SOLUTIONS TO COGNITIVE AND HUMAN FACTOR CHALLENGES IN FORENSIC SCIENCE","Partial"
"PRAXIS COMBINED  RAMAN AND  XRF SPECTROMETERS IN THE EXAMINATION OF FORENSIC SAMPLES","PRAXIS COMBINED RAMAN AND XRF SPECTROMETERS IN THE EXAMINATION OF FORENSIC SAMPLES","Partial"
"PROPOSED CONGRUENT MATCHING CELLS CMC  METHOD FOR BALLISTIC IDENTIFICATION AND ERROR RATE ESTIMATION","PROPOSED CONGRUENT MATCHING CELLS CMC METHOD FOR BALLISTIC IDENTIFICATION AND ERROR RATE ESTIMATION","Partial"
"PROPOSED NIST BALLISTICS IDENTIFICATION SYSTEM NBIS  BASED ON 3D TOPOGRAPHY MEASUREMENTS ON CORRELATION CELLS","PROPOSED NIST BALLISTICS IDENTIFICATION SYSTEM NBIS BASED ON 3D TOPOGRAPHY MEASUREMENTS ON CORRELATION CELLS","Partial"
"CREATINE AN ANALYTICAL PROFILE","PYROLYSIS CHARACTERISTICS OF WASTE TIRE IN AN ANALYTICAL PYROLYZER COUPLED WITH GAS CHROMATOGRAPHY MASS SPECTROMETRY","Partial"
"AZA PYRROLIDINOPENTIOPHENONE FLAKKA CATALYZING CATATONIA A CASE REPORT AND LITERATURE REVIEW","PYRROLIDINOPENTIOPHENONE FLAKKA CATALYZING CATATONIA A CASE REPORT AND LITERATURE REVIEW","Partial"
"AZA PYRROLIDINOPHENONES A NEW WAVE OF DESIGNER CATHINONES","PYRROLIDINOPHENONES A NEW WAVE OF DESIGNER CATHINONES","Partial"
"DRAGON S BLOOD INCENSE","RAMAN SPECTROSCOPY OF COLOURED RESINS USED IN ANTIQUITY DRAGON S BLOOD AND RELATED SUBSTANCES","Partial"
"RAPID COLORIMETRIC SCREENING TEST FOR AZA HYDROXYBUTYRIC ACID LIQUID X IN HUMAN URINE","RAPID COLORIMETRIC SCREENING TEST FOR G HYDROXYBUTYRIC ACID LIQUID X IN HUMAN URINE","Partial"
"TOTAL SYNTHESIS OF   MORPHINE","RATIONAL SYNTHESIS OF A LUMINESCENT UNCOMMON 3 4 6 C CONNECTED ZN II MOF A DUAL CHANNEL SENSOR FOR THE DETECTION OF NITROAROMATICS AND FERRIC IONS","Partial"
"RECENT ADVANCES IN THE APPLICATIONS OF CE TO FORENSIC SCIENCES 2001 2004","RECENT ADVANCES IN THE APPLICATIONS OF CE TO FORENSIC SCIENCES 2005 2007","Partial"
"RECOGNIZING DRUG FACILITATED CRIMES DETECTION AND QUANTIFICATION OF BENZODIAZEPINES IN BEVERAGES USING FAST LIQUIDA A A LIQUID EXTRACTION WITH LOW TEMPERATURE PARTITIONING AND PAPER SPRAY MASS SPECTROMETRY","RECOGNIZING DRUG FACILITATED CRIMES DETECTION AND QUANTIFICATION OF BENZODIAZEPINES IN BEVERAGES USING FAST LIQUIDA LIQUID EXTRACTION WITH LOW TEMPERATURE PARTITIONING AND PAPER SPRAY MASS SPECTROMETRY","Partial"
"REPORTING IDENTIFICATIONS  AN UPDATE TO REPORT CONCLUSIONS ADOPTED AT THE CENTRE OF FORENSIC SCIENCES","REPORTING IDENTIFICATIONS AN UPDATE TO REPORT CONCLUSIONS ADOPTED AT THE CENTRE OF FORENSIC SCIENCES","Partial"
"REVIEW LC COUPLED TO LOW AND HIGH RESOLUTION MASS SPECTROMETRY FOR NEW PSYCHOACTIVE SUBSTANCE SCREENING IN BIOLOGICAL MATRICES  WHERE DO WE STAND TODAY","REVIEW LC COUPLED TO LOW AND HIGH RESOLUTION MASS SPECTROMETRY FOR NEW PSYCHOACTIVE SUBSTANCE SCREENING IN BIOLOGICAL MATRICES WHERE DO WE STAND TODAY","Partial"
"SCIENTIFIC WORKING GROUP FOR MATERIALS ANALYSIS SWGMAT","SCIENTIFIC WORKING GROUP FOR MATERIALS ANALYSIS SWGMAT 2008 2009","Partial"
"SCIENTIFIC WORKING GROUP FOR MATERIALS ANALYSIS SWGMAT","SCIENTIFIC WORKING GROUP FOR MATERIALS ANALYSIS SWGMAT 2008 2009","Partial"
"SIMULTANEOUS ANALYSIS OF THEBAINE 6 MAM AND SIX ABUSED OPIATES IN POSTMORTEM FLUIDS AND TISSUES USING ZYMARK  AUTOMATED SOLID PHASE EXTRACTION AND GAS CHROMATOGRAPHY MASS SPECTROMETRY","SIMULTANEOUS ANALYSIS OF THEBAINE 6 MAM AND SIX ABUSED OPIATES IN POSTMORTEM FLUIDS AND TISSUES USING ZYMARKA AUTOMATED SOLID PHASE EXTRACTION AND GAS CHROMATOGRAPHY MASS SPECTROMETRY","Partial"
"IDENTIFYING EMERGING DRUGS OF ABUSE","SIMULTANEOUS DETECTION OF 93 CONVENTIONAL AND EMERGING DRUGS OF ABUSE AND THEIR METABOLITES IN URINE BY UHPLC MS MS","Partial"
"SOIL EXAMINATION FOR A FORENSIC TRACE EVIDENCE LABORATORY  PART 2 ELEMENTAL ANALYSIS","SOIL EXAMINATION FOR A FORENSIC TRACE EVIDENCE LABORATORY PART 2 ELEMENTAL ANALYSIS","Partial"
"X RAY SPECTROMETRY IN FORENSIC RESEARCH","STANDARD GUIDE FOR USING SCANNING ELECTRON MICROSCOPY X RAY SPECTROMETRY IN FORENSIC PAINT EXAMINATIONS SCIENTIFIC WORKING GROUP ON MATERIALS ANALYSIS","Partial"
"STUDIES ON THE METABOLISM AND TOXICOLOGICAL DETECTION OF THE DESIGNER DRUG 2 5 DIMETHOXY 4 METHYL  PHENETHYLAMINE 2C D IN RAT URINE USING GAS CHROMATOGRAPHIC MASS SPECTROMETRIC TECHNIQUES","STUDIES ON THE METABOLISM AND TOXICOLOGICAL DETECTION OF THE DESIGNER DRUG 2 5 DIMETHOXY 4 METHYL AY PHENETHYLAMINE 2C D IN RAT URINE USING GAS CHROMATOGRAPHIC MASS SPECTROMETRIC TECHNIQUES","Partial"
"STUDIES ON THE METABOLISM AND TOXICOLOGICAL DETECTION OF THE DESIGNER DRUG 4 ETHYL 2 5 DIMETHOXY  PHENETHYLAMINE 2C E IN RAT URINE USING GAS CHROMATOGRAPHIC MASS SPECTROMETRIC TECHNIQUES","STUDIES ON THE METABOLISM AND TOXICOLOGICAL DETECTION OF THE DESIGNER DRUG 4 ETHYL 2 5 DIMETHOXY AY PHENETHYLAMINE 2C E IN RAT URINE USING GAS CHROMATOGRAPHIC MASS SPECTROMETRIC TECHNIQUES","Partial"
"SURFACE TOPOGRAPHY ANALYSIS FOR A FEASIBILITY ASSESSMENT OF A NATIONAL BALLISTICS IMAGING DATABASE","SURFACE TOPOGRAPHY ANALYSIS FOR A FEASIBILITY ASSESSMENT OF A NATIONAL BALLISTICS IMAGING DATABASE GAITHERSBURG MD","Partial"
"ILLICIT DRUG TRAFFICKING","TEST SAMPLE FOR THE SPATIALLY RESOLVED QUANTIFICATION OF ILLICIT DRUGS ON FINGERPRINTS USING IMAGING MASS SPECTROMETRY","Partial"
"THE ADSORPTION OF METHAMPHETAMINE ON AG NANOPARTICLES DISPERSED IN AGAROSE GEL A A A  DETECTION OF METHAMPHETAMINE IN FINGERPRINTS BY SERS","THE ADSORPTION OF METHAMPHETAMINE ON AG NANOPARTICLES DISPERSED IN AGAROSE GEL DETECTION OF METHAMPHETAMINE IN FINGERPRINTS BY SERS","Partial"
"AN INTERESTING MAGAZINE MARK","THE APPLICATION OF NUMERICAL CRITERIA FOR IDENTIFICATION IN CASEWORK INVOLVING MAGAZINE MARKS AND LAND IMPRESSIONS","Partial"
"PRESUMPTIVE AND CONFIRMATORY DRUG TESTS","THE EFFECT OF MARK ENHANCEMENT TECHNIQUES ON THE PRESUMPTIVE AND CONFIRMATORY TESTS FOR BLOOD","Partial"
"THE EFFECTS OF SYNTHETIC CANNABINOID UR 144 ON THE HUMAN BODYA A A A REVIEW OF 39 CASES","THE EFFECTS OF SYNTHETIC CANNABINOID UR 144 ON THE HUMAN BODYA A REVIEW OF 39 CASES","Partial"
"THE FORENSIC EXAMINATION OF FIBRES  A REVIEW 2010 TO 2013","THE FORENSIC EXAMINATION OF MARKS A REVIEW 2007 TO 2010","Partial"
"THE FORENSIC EXAMINATION OF FIBRES  A REVIEW 2007 TO 2010","THE FORENSIC EXAMINATION OF MARKS A REVIEW 2007 TO 2010","Partial"
"SWGGUN THE FOUNDATIONS OF FIREARM AND TOOLMARK IDENTIFICATION","THE FOUNDATIONS OF FIREARM AND TOOLMARK IDENTIFICATION","Partial"
"THE NOVEL PSYCHOACTIVE SUBSTANCE 3 METHYLMETHCATHINONE 3 MMC OR METAPHEDRONE  A REVIEW","THE NOVEL PSYCHOACTIVE SUBSTANCE 3 METHYLMETHCATHINONE 3 MMC OR METAPHEDRONE A REVIEW","Partial"
"THE WORLD S END MURDERS","THE PROCEDURE OF FORENSIC SOIL EXAMINATION AND A VIEW ON THE WORLD STANDARDIZATION PROCESS","Partial"
"THE SCIENTIFIC FOUNDATIONS OF FIREARMS AND TOOL MARK IDENTIFICATION  A RESPONSE TO RECENT CHALLENGES","THE SCIENTIFIC FOUNDATIONS OF FIREARMS AND TOOL MARK IDENTIFICATION A RESPONSE TO RECENT CHALLENGES","Partial"
"HERBAL REFERENCE STANDARDS","THE UNCERTAINTY OF REFERENCE STANDARDS A GUIDE TO UNDERSTANDING FACTORS IMPACTING UNCERTAINTY UNCERTAINTY CALCULATIONS AND VENDOR CERTIFICATIONS","Partial"
"THE UNCERTAINTY OF REFERENCE STANDARDS  A GUIDE TO UNDERSTANDING FACTORS IMPACTING UNCERTAINTY UNCERTAINTY CALCULATIONS AND VENDOR CERTIFICATIONS","THE UNCERTAINTY OF REFERENCE STANDARDS A GUIDE TO UNDERSTANDING FACTORS IMPACTING UNCERTAINTY UNCERTAINTY CALCULATIONS AND VENDOR CERTIFICATIONS","Partial"
"THEORY OF IDENTIFICATION RANGE OF STRIAE COMPARISON REPORTS AND MODIFIED GLOSSARY DEFINITIONS  AN AFTE CRITERIA FOR IDENTIFICATION COMMITTEE REPORT","THEORY OF IDENTIFICATION RANGE OF STRIAE COMPARISON REPORTS AND MODIFIED GLOSSARY DEFINITIONS AN AFTE CRITERIA FOR IDENTIFICATION COMMITTEE REPORT","Partial"
"TOPOGRAPHY MEASUREMENTS AND APPLICATIONS","TOPOGRAPHY MEASUREMENTS AND APPLICATIONS IN BALLISTICS AND TOOL MARK IDENTIFICATIONS","Partial"
"URINE BENZODIAZEPINE SCREENING USING ROCHE ONLINE R KIMS IMMUNOASSAY WITH BETA GLUCURONIDASE HYDROLYSIS AND CONFIRMATION BY GAS CHROMATOGRAPHY MASS SPECTROMETRY","URINE BENZODIAZEPINE SCREENING USING ROCHE ONLINE KIMS IMMUNOASSAY WITH  GLUCURONIDASE HYDROLYSIS AND CONFIRMATION BY GAS CHROMATOGRAPHY MASS SPECTROMETRY","Partial"
"WHAT ARE THE PROSPECTS OF 3D PROFILING SYSTEMS APPLIED TO FIREARMS AND TOOLMARKS IDENTIFICATION","WHAT ARE THE PROSPECTS OF 3D PROFILING SYSTEMS APPLIED TO FIREARMS AND TOOLMARK IDENTIFICATION","Partial"
"WITHDRAWAL PHENOMENA AND DEPENDENCE SYNDROME AFTER THE CONSUMPTION OF SPICE GOLD ENTZUGSZEICHEN UND ABHA A A NGIGKEITSSYNDROM NACH SPICE GOLD KONSUM","WITHDRAWAL PHENOMENA AND DEPENDENCE SYNDROME AFTER THE CONSUMPTION OF SPICE GOLD ENTZUGSZEICHEN UND ABHA NGIGKEITSSYNDROM NACH SPICE GOLD KONSUM","Partial"
"ILLICIT PRODUCTION OF COCAINE","WORKABILITY OF SODA LIME GLASS IN THE PRODUCTION OF CONTAINERS","Partial"
"WORLD DRUG REPORT  2000","WORLD DRUG REPORT BOOK 1 EXECUTIVE SUMMARY","Partial"
