"Keyword","x"
"'RESEARCH CHEMICALS'",1
"""ANGEL DUST""",1
"(±)-PAEOVEITOL",1
"(1H-INDOL-3-YL)(2,2,3,3-TETRAMETHYLCYCLOPROPYL)METHANONE (DP-UR-144)",1
"(1R, 2S)-NOREPHEDRINE",1
"(AMINOALKYL)INDOLE",1
"(BIO)SENSORS",1
"(FTIR)",10
"(GC-MS)",41
"(HPLC)",35
"(HPTLC)",4
"(ICP-MS)",1
"(LC-MS)",8
"(LC-MS/MS)",33
"(NEURO)TOXIC",1
"(R)-PHENYLACETYLCARBINOL",1
"(RFLP)",1
"(RS)-KETAMINE",1
"(S)-LEVOFLOXACIN",1
"(UHPLC)",4
"[35S]GTPGS BINDING ASSAYS",1
"[4.4.3]PROPELLANE",1
"‘RESEARCH CHEMICALS’",1
"“KROKODIL”",1
"“LEGAL HIGHS”",2
"“MASKED” METHAMPHETAMINE",1
"“PSEUDO-TARGET” SCREENING",1
"“WET AMPHETAMINE”",1
"<U+0391>-CYANO-4-HYDROXYCINNAMIC ACID",1
"<U+0391>-GALACTOSIDASES",1
"<U+0391>-HEMOLYSIN",1
"<U+0391>-PBT",1
"<U+0391>-PHP",1
"<U+0391>-PNP",1
"<U+0391>-PVP",6
"<U+0391>-PVT",1
"<U+0391>-PYRROLIDINOPHENONES",1
"<U+0391>-PYRROLIDINOVALEROPHENONE",1
"<U+0391>L-ACID GLYCOPROTEIN",1
"<U+0392>-CARBOLINE, HARMALA ALKALOIDS",1
"<U+0392>-CARBOLINES",1
"<U+0392>-CYCLODEXTRIN",5
"<U+0392>-ENAMINONE",1
"<U+0392>-METHYLPHENYLETHYLAMINE",1
"<U+0392>-PHENYLETHYLAMINES AND NBOME DERIVATIVES",1
"<U+0392>-TH-NAPHYRONE",1
"<U+0392>-THNPH",1
"<U+0392>K-MDMA",1
"<U+0394><U+200B>9-THC",1
"<U+0394>9-TETRAHYDROCANNABINOL",8
"<U+0394>9-THC",2
"<U+039C>-OPIOID RECEPTOR",1
"<U+039C>-OPIOID RECEPTOR AGONIST",1
"<U+2206>9-THC",1
"1-(2,3-DIHYDRO-1H-INDEN-5-YL)-2-(PYRROLIDIN-1-YL)BUTAN-1-ONE",1
"1-(2,3-DIHYDRO-1H-INDEN-5-YL)-2-PHENYL-2-(PYRROLIDIN-1-YL)-ETHANONE",1
"1-(3,4-DIFLUOROMETHYLENEDIOXYBENZYL)PIPERAZINE (DF-MDBP)",1
"1-(4-FLUOROBENZYL)-N-(1-METHOXYCARBONYL-2,2-DIMETHYLPROPYL)-1H-INDAZOLE-3-CARBOXAMIDE [MDMB(N)-BZ-F]",1
"1-FLUOROCODEINE ANALOGS",1
"1-FLUORODIHYDROMORPHINE",1
"1-FLUOROMORPHINE",1
"1-IODOCODEINE ANALOGUES",1
"1-IODODIHYDROMORPHINE",1
"1-IODOMORPHINE",1
"1-PHENYL-2-PROPANONE",3
"1,2-DIMETHYLIMIDAZOLE-4-SULFONYL CHLORIDE (DMISC)",1
"1,2-DIPHENYLETHYLAMINES",1
"1,3-DIMETHYLAMYLAMINE",1
"1,3-DIPROPYLIMIDAZOLIUM BROMIDE",1
"11-NOR-9-CARBOXY-THC",1
"13C",1
"13C NMR",1
"17<U+0391>-HYDROXYPROGESTERONE CARPROATE",1
"18-CROWN-6-ETHER",1
"1H",1
"1H-NMR",1
"1H HR-MAS NMR",1
"1H NMR",2
"1P-LSD",1
"2-(4-IODO-2,5-DIMETHOXYPHENYL)-N-[(3,4-METHYLENEDIOXYPHENYL)METHYL]ETHANAMINE (25I-NB34MD)",1
"2-ADAMANTYL ISOMER",1
"2-AMINOPROPYLBENZOFURAN",1
"2-CARBOXYETHYL-3-CYANO-5-METHYLHEXANOIC ACID ETHYL ESTER",1
"2-CHLOROPHENOTHIAZINE",1
"2-MAPB",1
"2-METHOXYDIBENZO[B,D]FURAN ALDEHYDE REGIOISOMERS",1
"2-OXOGLUTARATE/FE(II)-DEPENDENT DIOXYGENASES",1
"2, 4-DIMETHYL-N/-[1-(2, 3-DIHYDROXY PHENYL) METHYLIDENE] ANILINE",1
"2,2'-DIFLUOROFENTANYL",1
"25B-NBOME",2
"25C-NBOME",3
"25H-NBOME",1
"25I-NBOH",3
"25I-NBOME",2
"25X-NBOME",2
"2C",2
"2C-I",2
"2C-X",1
"2F-MT-45",1
"2H-INDAZOLE REGIOISOMER",1
"3-FLUOROETHAMPHETAMINE",1
"3-MEO-PCP",1
"3-METHOXYPHENCYCLIDINE",1
"3-METHYLFENTANYL ANALOG",1
"3-METHYLMETHCATHINONE (3-MMC)",1
"3-MMC",1
"3-PHENIBUT",1
"3,4-DMA-NBOME",1
"3,4-MDPHP",1
"3,4-METHYLENEDIOXY-METHAMPHETAMINE (MDMA)",1
"3,4-METHYLENEDIOXYMETHAMPHETAMINE",3
"3,4-METHYLENEDIOXYMETHAMPHETAMINE (MDMA)",1
"3,6-DI-O-ACETYL-1-IODOMORPHINE",1
"3D-AUNPS",1
"3D GRAPHENE",1
"4-BEC",1
"4-BR-PVP",1
"4-BROMOMETHCATHINONE",1
"4-CHLOROMETHAMPHETAMINE (4-CMA)",1
"4-CL-<U+0391>-PPP",1
"4-CL-<U+0391>-PVP",1
"4-CL-PPP",1
"4-EA-NBOME",1
"4-FBF",1
"4-FLUORAMPHETAMINE",1
"4-FLUORO-PV9",1
"4-FLUOROBUTYRFENTANYL",1
"4-FPD",1
"4-MDMC",1
"4-MEAP",1
"4-MMA-NBOME",1
"4-MPD",1
"4-PENTENYL-AKB48",1
"4,4'-DMAR",1
"4F–PHP",1
"4OMT",1
"4T1 TUMOR CELLS",1
"5-AEDB",1
"5-APB-NBOME",2
"5-DBFPV",1
"5-F-DALT",1
"5-FLUORO-AB-PINACA",1
"5-FLUORO MDMB-PINACA",1
"5-HT2A RECEPTOR",2
"5-HT2A RECEPTORS",1
"5-MAPDB",1
"5-PENTYL-2-(2-PHENYLPROPAN-2-YL)-2,5-DIHYDRO-1H-PYRIDO[4,3-B]INDOL-1-ONE",1
"5-PPDI",1
"5,6-MD-DALT",1
"5CL-AKB48",1
"5F-AB-PINACA",1
"5F-ADB",1
"5F-AMB",1
"5F-AMPPPCA",1
"5F-CUMYL-P7AICA",1
"5F-CUMYL-PEGACLONE",1
"5F-CUMYL-PINACA",2
"5F-PB-22",1
"5F-QUPIC",1
"5F–ADBICA",1
"5F–PB-22",1
"5S–RRNA",1
"6-BR-MDMA",1
"6-MAPB",1
"6-MONOACETYLMORPHINE",1
"6OMT",1
"7-HYDROXYMITRAGYNINE",1
"7-ME-DALT",1
"8-FLUOROAPOCODEINE",1
"8-IODOAPOCODEINE",1
"87SR/86SR RATIO",1
"A. NATURAL FIBRE",1
"A549 CANCER CELL LINE",1
"AAS",1
"AB-CHMFUPPYCA ISOMERS",1
"AB-CHMINACA",2
"AB-FUBINACA",1
"AB INITIO CALCULATION",1
"AB INITIO CALCULATIONS",1
"AB SLIM",1
"ABDOMINAL RADIOGRAPHY",1
"ABILITY",1
"ABSOLUTE CONFIGURATION",1
"ABUSE",12
"ABUSE-DETERRENT",6
"ABUSE-DETERRENT FORMULATIONS",1
"ABUSE DETERRENT",1
"ABUSE LIABILITY",1
"ABUSE POTENTIAL",2
"ABUSE RISK",1
"ABUSED DRUGS",1
"ACACIA RIGIDULA",1
"ACADEMIC ACHIEVEMENT",1
"ACCURATE MASS MEASUREMENT",1
"ACECLOFENAC",1
"ACEPROMAZINE",1
"ACETAMINOPHEN",2
"ACETIC ANHYDRIDE",1
"ACETOHYDROXYACID SYNTHASE",1
"ACETOHYDROXYACID SYNTHASE I",1
"ACHE INHIBITORY ACTIVITY",1
"ACHIRAL SCREENING",1
"ACHNATHERUM ROBUSTUM",1
"ACID-BASE DISSOCIATION",1
"ACID-BASE INDICATORS",1
"ACID DISSOCIATION",1
"ACIDITY",1
"ACRYLFENTANYL",2
"ACRYLOYLFENTANYL",1
"ACRYLOYLFENTANYL (ACRYLFENTANYL)",1
"ACTIVATED CARBON",2
"ACTIVATION EFFECT",1
"ACTIVATION ENERGY",1
"ACTIVE PHARMACEUTICAL INGREDIENT",1
"ACTIVE PHARMACEUTICAL INGREDIENTS",1
"ACTUAL CONDITIONS",1
"ACUTE PAIN",1
"ACYLATION/ESTERIFICATION",1
"ADAMANTAN-1-YL 1-PENTYL-1H-INDAZOLE-3-CARBOXYLATE (APINAC)",1
"ADAMANTANE",1
"ADAPTATION",1
"ADB-BICA",1
"ADDICTION",13
"ADDICTIVE BEHAVIOR",1
"ADDICTOVIGILANCE",2
"ADDITIVES",1
"ADDUCT FORMATION",2
"ADDUCT FRAGMENTATION",2
"ADME-TOX",1
"ADOLESCENT",10
"ADSORPTION",1
"ADSORPTION COEFFICIENT",1
"ADSORPTION ISOTHERMS",1
"ADSORPTIVE STRIPPING VOLTAMMETRY",1
"ADULTERANT",7
"ADULTERANTS",9
"ADULTERATED COCAINE",1
"ADULTERATED COMMERCIAL BEVERAGE",1
"ADULTERATED PRODUCTS",1
"ADULTERATED SUPPLEMENTS",1
"ADULTERATION",17
"ADVANCED OXIDATION PROCESS",1
"ADVANCED OXIDATION PROCESSES",1
"ADVERSE DRUG REACTIONS",1
"ADVERSE EFFECTS",2
"ADVERSE EVENTS",1
"AERVA JAVANICA",3
"AFFORDABILITY",1
"AFLP",1
"AGGREGATES",1
"AGGREGATION",1
"AGGREGATION AGENT",2
"AGONIST",1
"AGONISTS ACTING ON BOTH CB1 AND CB2 RECEPTORS",1
"AGROBACTERIUM",1
"AH-7921",1
"AIRBORNE PARTICULATES",1
"AKABORI-MOMOTANI REACTION",1
"AKB48",1
"AL-LAD",1
"ALBUMIN",1
"ALCOHOL",3
"ALCOHOL DRINKING",2
"ALCOHOLIC BEVERAGES",2
"ALCOHOLIC DRINK",1
"ALDEHYDES",1
"ALDOL REACTION",1
"ALEXANDER TSCHIRCH",1
"ALGAE",1
"ALGORITHM",1
"ALIE",1
"ALIMENTARY OBESITY",1
"ALKALOID",5
"ALKALOID BIOSYNTHESIS",1
"ALKALOID ENRICHMENT",1
"ALKALOIDS",18
"ALKALOIDS PRECURSORS",1
"ALKALOIDS PROFILE",1
"ALKOXYCARBONYLATION",1
"ALL-SOLID-STATE ION SELECTIVE ELECTRODE (ISE)",1
"ALL SOLID STATE",1
"ALOYSIA",1
"ALPHA-METHYLSTYRENE",1
"ALPHA-PVP",1
"ALPRAZOLAM",5
"ALTERNATIVE BIOLOGICAL MATRICES",1
"AMARANTHACEAE",1
"AMATOXIN",1
"AMB",1
"AMB-FUBUNACA",1
"AMBIENT IONIZATION",5
"AMBIENT IONIZATION MASS",1
"AMBIENT MASS SPECTROMETRY",1
"AMDIS",1
"AMINE",1
"AMINO ACID",1
"AMINOREX",2
"AMINOREX DERIVATIVES",1
"AMINOTRANSFERASE",1
"AMITRIPTYLINE METABOLITES",1
"AMMUNITION",1
"AMPEROMETRIC I-T CURVE METHOD",1
"AMPEROMETRY",2
"AMPHETAMINE-LIKE STIMULANT",1
"AMPHETAMINE-TYPE DERIVATIVE",1
"AMPHETAMINE-TYPE SIMULANTS",1
"AMPHETAMINE AND DERIVATIVES",34
"AMPHETAMINE AND METHAMPHETAMINE",1
"AMPHETAMINE IMMUNOASSAY",1
"AMPHETAMINE ISOMER",1
"AMPHETAMINE TYPE STIMULANTS",1
"AMPHETAMINE TYPE STIMULANTS (ATS) USE",1
"AMPPPCA",1
"AMYGDALIN",1
"ANABOLIC ANDROGENIC STEROIDS",1
"ANABOLIC STEROID",1
"ANABOLIC STEROIDS",1
"ANABOLICS",1
"ANAESTHETICS",1
"ANALGESIA",3
"ANALGESIA, PATIENT-CONTROLLED",1
"ANALGESIC",2
"ANALGESIC ACTIVITY",1
"ANALGESIC DRUGS",1
"ANALGESIC EFFICACY",1
"ANALGESICS",4
"ANALOGS",2
"ANALOGUES",2
"ANALOGUES OF 3-CARBONYLINDOLES",1
"ANALYSIS",4
"ANALYTE STRUCTURE",1
"ANALYTICAL CHEMISTRY",1
"ANALYTICAL METHOD",6
"ANALYTICAL TOXICOLOGY",4
"ANALYTICAL VALIDATION",1
"ANANDAMIDE",1
"ANAPLASTIC LYMPHOMA KINASE",1
"ANATOMICAL STRUCTURE",1
"ANCIENT PLANT SEEDS",1
"ANDROGEN BIOASSAY",1
"ANDROGENS",2
"ANDROLOGY",1
"ANESTHETIC DRUG",1
"ANESTHETISTS",1
"ANHYDROECGONINE",1
"ANI",1
"ANIMAL FEED",1
"ANISODUS TANGUTICUS ROOT",1
"ANOMALY DETECTION",1
"ANTHRAX",1
"ANTI-CANCER DRUGS",1
"ANTI-DIABETIC",1
"ANTI-DOPING",2
"ANTI-INFLAMMATORY",2
"ANTI-MG MAB",1
"ANTI-MITRAGYNINE MONOCLONAL ANTIBODY",1
"ANTI-MUTAGENIC ACTIVITY",1
"ANTI-NOCICEPTIVE MECHANISMS",1
"ANTI-OBESITY",1
"ANTI-OBESITY DRUG",1
"ANTIBACTERIAL",1
"ANTIBIOTIC",1
"ANTIBODY",1
"ANTICANCER",1
"ANTICHOLINERGIC SYNDROME",1
"ANTIDEPRESSANT",1
"ANTIDEPRESSANTS",3
"ANTIEPILEPTIC ACTIVITY",1
"ANTIEPILEPTIC DRUGS",2
"ANTIMICROBIAL",2
"ANTIMICROBIAL AGENTS",1
"ANTIMUTAGENIC",1
"ANTINOCICEPTIVE",1
"ANTINUTRITIONAL COMPOUNDS",1
"ANTIOXIDANT",9
"ANTIOXIDANT CAPACITY",2
"ANTIPSYCOTIC",1
"ANXIETY BEHAVIOR",1
"ANXIOLYTIC",1
"APAAN",4
"APHRODISIAC CHEMICAL INGREDIENTS",1
"APICAL BUD",1
"APINACA 2H-INDAZOLE ANALOGUE",1
"APINACA ANALOGUES",1
"APLD",1
"APO ENZYME",1
"APOMORPHINE",1
"APPLICATION PROGRAMMING INTERFACES (API)",1
"APPLICATIONS OF CHEMISTRY",1
"APPS",1
"APTAMER",6
"APTAMERS",1
"APTASENSOR",2
"APTASENSORS",1
"AQUATIC PRODUCT",1
"ARID REGIONS",1
"ARIMA-INTERVENTION ANALYSIS",1
"AROMA",1
"AROMATIC AMINO ACIDS",3
"AROMATIZATION",1
"ARRHENIUS EQUATION",1
"ARTIFICIAL NOSE",1
"ARYL IODIDES",1
"ARYL VINYL KETONES",1
"ARYLCYCLOHEXYLAMINE",1
"ARYLCYCLOHEXYLAMINES",1
"ARYLCYCLOHEXYLMORPHOLINES",1
"ARYMO ER",1
"ASCORBIC ACID",1
"ASI-MV",1
"ASYMMETRIC SYNTHESIS",2
"ATMOSPHERE",1
"ATMOSPHERIC PRESSURE CHEMICAL IONIZATION",2
"ATMOSPHERIC PRESSURE PHOTOIONIZATION",1
"ATP SENSITIVE K+ CHANNEL",1
"ATR",1
"ATR-(N) IR",1
"ATR-(N)IR",1
"ATR-FTIR",4
"ATR-FTIR SPECTROSCOPY",1
"ATR–FTIR",1
"ATROPA BELLADONNA",2
"ATROPINE",4
"ATROPINE, DRUG TRAFFICKING",1
"ATTENUATE TOTAL REFLECTANCE MID-INFRARED",1
"ATTENUATED TOTAL REFLECTANCE",1
"AU NANOCLUSTERS",1
"AU NANOPARTICLES",1
"AU@AG",1
"AUSTRALIA",9
"AUSTRALIAN PERSPECTIVE",1
"AUTOPSIES",1
"AUTOPSY",2
"AVAILABILITY",1
"AVERAGELY LINEAR-QUANTIFIED FINGERPRINT",1
"AVIDIN",1
"AYAHUASCA",1
"AYAHUASCA BEVERAGE",1
"AYAHUSACA",1
"AZAALLYL ANIONS",1
"AZAPHENOTHIAZINE",1
"AZAPHENOXAZINE",1
"B. MICROSTRUCTURE",1
"B16F10",1
"BABY FOODS",1
"BACILLUS ANTHRACIS",1
"BACK-CALCULATION",1
"BACLOFEN",2
"BACTERIA",1
"BALANSIA EPICHLOE",1
"BALANSIEAE",1
"BAND GAP",1
"BANKNOTES",1
"BARBADOS",1
"BARBITURATE",1
"BARBITURATE ANION",1
"BARBITURATE DERIVATIVES",1
"BARBITURATES",1
"BARBITURIC ACID",1
"BASIC DRUGS",1
"BASIC PHARMACEUTICALS",1
"BASICITY",1
"BATCH INJECTION ANALYSIS",1
"BATCH INJECTION ANALYSIS (BIA)",1
"BATH SALT",1
"BATH SALTS",3
"BDD ELECTRODE",1
"BDE",1
"BEER",1
"BEIJING",1
"BELGIUM",1
"BENCHMARKING CHEMICALS",1
"BENCHTOP NMR",1
"BENZALDEHYDE",1
"BENZIMIDAZOLE",1
"BENZO[H]QUINOLONE",1
"BENZOCAINE",1
"BENZODIAZEPINE AND DERIVATIVES",19
"BENZODIAZEPINE PHOTOSTABILITY",1
"BENZODIAZEPINES (BDZ)",1
"BENZOFURAN",4
"BENZOFURANS",1
"BENZOFURYLETHYLAMINE",1
"BENZOIC ACID RECYCLING",1
"BENZOPHENOTHIAZINE",1
"BENZOPHENOXAZINE",1
"BENZOYLECGONINE",5
"BENZYL ALCOHOL",1
"BENZYL AMINO PURINE",1
"BENZYLISOQUINOLINE ALKALOID",2
"BENZYLISOQUINOLINE ALKALOIDS",4
"BETA-BLOCKERS",1
"BETA-KETONE METHYLENEDIOXYMETHAMPHETAMINE",1
"BETEL VINE LANDRACES",1
"BETELVINE (PIPER BETLE L.)",1
"BETULAPLATOSIDE",1
"BEVERAGES",2
"BIA",2
"BIAS",1
"BIASED SAMPLING",1
"BIBLIOMETRIC",1
"BINARY COSOLVENT MIXTURES",1
"BINGE EATING",1
"BIO-ACTIVE MOLECULES",1
"BIO-COMPATIBLE DEEP EUTECTIC SOLVENT",1
"BIO-OIL",1
"BIOACTIVE COMPOUNDS",1
"BIOACTIVITY",1
"BIOANALYTICAL ANALYSIS",1
"BIOASSAY",1
"BIOAVAIL",1
"BIOCATALYSIS",2
"BIOCHEMICAL METHODS",1
"BIOCONJUGATES",1
"BIODEGRADABLE POLYMER",1
"BIODEGRADATION",1
"BIOFILM",2
"BIOGENIC AMINES",2
"BIOLAYER INTERFEROMETRY",1
"BIOLOGICAL ACTIVITY",1
"BIOLOGICAL FLUID",1
"BIOLOGICAL FLUIDS",4
"BIOLOGICAL MATERIAL",1
"BIOLOGICAL MATRIX",1
"BIOLOGICAL MONITORING",1
"BIOLOGICAL SAMPLES",1
"BIOLOGICALLY- ACTIVE COMPOUNDS",1
"BIOMARKER ANALYSIS",1
"BIOMARKERS",5
"BIOMARKERS OF CONSUMPTION",1
"BIOMASS",1
"BIOMEDICAL RESEARCH",1
"BIOMEDICAL SCIENCE",2
"BIOSECURITY",1
"BIOSENSOR",2
"BIOSENSORS",1
"BIOSENSORS AND BODY FLUIDS",1
"BIOSYNTHESIS",6
"BIOSYNTHETIC ENZYME",1
"BIOSYNTHETIC PATHWAY",1
"BIOTECHNOLOGICAL PRODUCTION",1
"BIOTECHNOLOGY",1
"BIOTIN",1
"BIOTRANSFORMATION",3
"BITHIOPHENE",1
"BITTERNESS-MASKING EFFECT",1
"BIVARIATE CORRELATION ANALYSIS",1
"BK-EPDP",1
"BK-IVP",1
"BLACK MARKET",1
"BLOOD",2
"BLOOD ANALYSIS",1
"BLOOD CONCENTRATIONS",1
"BLOTTER PAPER",1
"BLOTTER PAPERS",3
"BLOTTING PAPER",1
"BLUE LOTUS FLOWER",1
"BMPEA",1
"BODY PACKING",1
"BODY PUSHING",1
"BOHAI SEA",1
"BORDERLINE PRODUCTS",1
"BORON-DOPED DIAMOND",1
"BORON-DOPED DIAMOND ELECTRODE",5
"BOTANICAL",1
"BOTANICAL DIETARY SUPPLEMENT",2
"BOTANICAL DIETARY SUPPLEMENTS (BDS)",1
"BOTRYDIAL",1
"BOX-BEHNKEN DESIGN",2
"BOX-BENHKEN DESIGN",1
"BRAGG DIFFRACTION",1
"BRAIN",2
"BRAIN HOMOGENATE",1
"BRASSINOSTEROIDS",1
"BRAY",1
"BREAD",1
"BREAST MILK",2
"BREEDING",1
"BRIJ-35",1
"BROAD-SPECIFIC ANTIBODIES",2
"BROMADOL",1
"BROMOAMPHETAMINE ANALOGS",1
"BROMOTHIENYL ANALOGS",1
"BROOK REARRANGEMENT",1
"BROWN TROUT",1
"BUBBLE COLUMN EXTRACTION",1
"BUCKWHEAT",2
"BUCKWHEAT AND RELATED FOOD",1
"BUSCOPAN®",1
"BUTYLONE",1
"BUTYLSCOPOLAMINE",1
"BUTYRYLFENTANYL",1
"BY-PRODUCTS",1
"C-C COUPLING",1
"C. NUMERICAL ANALYSIS",1
"C18/SCX",1
"C4D",1
"CACO-2 CELL LINE",1
"CAFFEINE",5
"CAFFEINE DIETARY INTAKE",1
"CALIBRATION",1
"CALIFORNIA POPPY",1
"CALLUS",1
"CALORIFIC VALUE",1
"CALYSTEGINE",1
"CALYSTEGINES",1
"CAMP ASSAY",1
"CANCER PAIN",1
"CANDIDA TROPICALIS",1
"CANINES",1
"CANNABACEAE",4
"CANNABIDIOL",11
"CANNABIDIOL (CBD)",1
"CANNABIMIMETICS",3
"CANNABINOIDS AND DERIVATIVES",65
"CANNABINOIDS EXTRACTION",1
"CANNABINOIDS MASS SPECTRA",1
"CANNABINOL",3
"CANNABIS AND DERIVATIVES",76
"CANNABIS CANNABINOIDS",2
"CANNABIS CULTIVATION",1
"CANNABIS EDIBLES",1
"CANNABIS LEGALIZATION",1
"CANNABIS LEGISLATION",1
"CANNABIS MEDICINAL EXTRACTS",1
"CANNABIS OIL",1
"CANNABIS PLANTATION",1
"CANNABIS POLICY",2
"CANNABIS PRODUCTS",1
"CANNABIS REGULATION",1
"CANNABIS RESIN",3
"CANNABIS SATIVA F. SATIVA",1
"CANNABIS SATIVA L",3
"CANNABIS SATIVA L.",9
"CANNABIS SATIVAL",1
"CANNABIS SUPPLY",1
"CANNABIS THINNING AGENTS",1
"CANNABIS USE",1
"CANNABIS VAPORIZATION",1
"CANNFLAVIN A",1
"CAPACITIVE BIOSENSOR",1
"CAPILLARY ELECTROCHROMATOGRAPHY",2
"CAPILLARY ELECTROPHORESIS",17
"CAPILLARY ELECTROPHORESIS–MASS SPECTROMETRY",1
"CAPILLARY MICROEXTRACTION OF VOLATILES (CMV)",1
"CAPILLARY ZONE ELECTROPHORESIS",1
"CAPSULES",1
"CAPTAGON",1
"CARBOLIGATION",1
"CARBOMETALLATION REACTION",1
"CARBON DOTS",1
"CARBON FILTER",1
"CARBON NANOTUBES",5
"CARBON PASTE ELECTRODE",1
"CARBONYL PRODUCTION",1
"CARBONYLATION",1
"CARBOXAMIDE-TYPE SYNTHETIC CANNABINOIDS",1
"CARBOXAMIDES",1
"CARFENTANIL",3
"CARRAGEEN AN",1
"CASCADE REACTIONS",2
"CASOMORPHINS",1
"CATHA EDULIS",3
"CATHA EDULIS FORSK",1
"CATHARANTHUS ROSEUS",2
"CATHEDULINS",1
"CATHINE",3
"CATHINONE",10
"CATHINONE AND AMPHETAMINE DERIVATIVES",1
"CATHINONE TYPE SYNTHETIC DRUGS",1
"CATHINONES",7
"CATHODIC PRETREATMENT",1
"CATION",1
"CATION-SELECTIVE EXHAUSTIVE INJECTION",1
"CATION EXCHANGE",1
"CATIONIC COMPOUNDS",1
"CATIONS",1
"CATIONS AND ANIONS",1
"CAUSALITY",1
"CBD",6
"CBD OIL",1
"CBG",1
"CBN",2
"CD-MODIFIED MICELLAR ELECTROKINETIC CHROMATOGRAPHY",1
"CD/TE QUANTUM DOTS",1
"CDO NANOPARTICLES",1
"CDS QUANTUM DOTS",1
"CDSE/ZNS CORE-SHELL QUANTUM DOTS",1
"CEDRUS",1
"CELLULOSE",1
"CENSORED DATA",1
"CENTER OF GRAVITY ALGORITHM",1
"CENTRAL COMPOSITE DESIGN",4
"CENTRIFUGAL MICROFLUIDICS",1
"CERAMIC ELECTRODE",1
"CEREAL",1
"CEREAL SAMPLE",1
"CEREALS",3
"CERTIFIED REFERENCE MATERIAL",1
"CETOSTEARYL ALCOHOL",1
"CETP INHIBITORY ACTIVITY",1
"CETYL ALCOHOL",1
"CHARACTERISATION (NMR, FT-IR)",1
"CHARACTERIZATION",3
"CHARGE TRANSFER ANALYSIS.",1
"CHARGED AEROSOL DETECTION",1
"CHARGED AEROSOL DETECTOR",3
"CHART OF NUCLIDES",1
"CHECKLIST",1
"CHEMICAL ADULTERANTS",1
"CHEMICAL ANALYSIS",1
"CHEMICAL COMPOSITION",2
"CHEMICAL CONSTITUENTS",1
"CHEMICAL DERIVATIZAION",1
"CHEMICAL IDENTIFICATION",1
"CHEMICAL IONISATION",1
"CHEMICAL IONIZATION",3
"CHEMICAL PROFILE",2
"CHEMICAL SENSORS",1
"CHEMICAL SYNTHESIS",1
"CHEMICAL VARIATION",1
"CHEMICAL WARFARE AGENTS",1
"CHEMICALLY MODIFIED ELECTRODE",1
"CHEMILUMINESCENCE",4
"CHEMILUMINESCENCE ARRAY",1
"CHEMILUMINESCENCE ARRAY SENSOR",1
"CHEMILUMINESCENCE DETECTION",1
"CHEMINFORMATIC",1
"CHEMINFORMATICS",1
"CHEMISTRY",6
"CHEMISTRY EDUCATION",1
"CHEMOMETRIC METHODS",1
"CHEMOMETRICS",20
"CHEMOMETRICS MODELING",1
"CHEMOTHERAPY",1
"CHEMOTYPE",2
"CHEN-KAO TEST",1
"CHEW",1
"CHICKEN MUSCLE",1
"CHICKEN TISSUES",1
"CHILD",1
"CHILD PROTECTION",1
"CHINA",2
"CHINESE HERBAL FORMULAE",1
"CHIRAL ANALYSIS",2
"CHIRAL CHROMATOGRAPHY",1
"CHIRAL DERIVATIZATION AGENTS",1
"CHIRAL DERIVATIZING REAGENT",1
"CHIRAL DIFFERENTIATION",1
"CHIRAL DRUG",1
"CHIRAL DRUGS",3
"CHIRAL HPLC",1
"CHIRAL IONIC LIQUIDS",1
"CHIRAL PHARMACEUTICALS",2
"CHIRAL QUANTUM DOT",1
"CHIRAL RESOLUTION",1
"CHIRAL SELECTOR",1
"CHIRAL SEPARATION",8
"CHIRAL SEPARATIONS",2
"CHIRAL STATIONARY PHASES",2
"CHIRALITY",1
"CHIROPTICAL SPECTROSCOPY",1
"CHITOSAN",1
"CHLORINATED POLYSACCHARIDE-BASED STATIONARY PHASE",1
"CHLORINATION",1
"CHLORO-N,N-DIMETHYLCATHINONE",1
"CHLOROETHCATHINONE",1
"CHLOROPLAST DNA",1
"CHLOROPLAST GENOME",1
"CHLOROQUINE",1
"CHLOROSIPENTRAMINE",1
"CHLORPROMAZINE",1
"CHMINACA",1
"CHOLESTEROL",1
"CHROMATOGRAPHIC FINGERPRINTS",1
"CHROMATOGRAPHIC OPTIMIZATION",1
"CHROMATOGRAPHIC SEPARATION",1
"CHROMATOGRAPHY",6
"CHROMATOPROBE",1
"CHROMOPHORE CHARACTERIZATION",1
"CHROMOPHORES",1
"CHRONIC LOW BACK PAIN",1
"CHRONIC OSTEOARTHRITIS PAIN",1
"CHRONIC PAIN",1
"CHRONOAMPEROMETRY",2
"CHYMOTRYPSIN",1
"CIALIS",1
"CID",1
"CINNAMAMIDE",1
"CIS-TRAMADOL",1
"CLANDESTINE DRUG MANUFACTURE",1
"CLANDESTINE LABORATORIES",2
"CLANDESTINE LABORATORY",1
"CLANDESTINE SYNTHESIS",2
"CLASS IDENTITY RECOGNITION",1
"CLASS SEPARATION",1
"CLASSICAL AYURVEDIC FORMULATION",1
"CLASSIFICATION",6
"CLATHRATE HYDRATE",1
"CLAVICEPS AFRICANA",1
"CLAVICEPS PURPUREA",2
"CLINICAL",3
"CLINICAL AND FORENSIC TOXICOLOGY",2
"CLINICAL LABORATORY",1
"CLOBAZAM",2
"CLOUD POINT EXTRACTION",1
"CLUB DRUG USE",1
"CLUB DRUGS",2
"CLUSTER ANALYSIS",1
"CMUT",1
"CNS",1
"CO-CONSUMPTIO",1
"CO-CONSUMPTION",1
"CO-PROCESSED DRY BINDERS",1
"CO-SOLVENT",1
"CO-SUBSTANCE USE",1
"COATED-WIRE ELECTRODE",1
"COBALT",1
"COBALT (II) THIOCYANATE",1
"COBALT OXIDE",1
"COCA CHEWING",1
"COCAINE AND DERIVATIVES",69
"COCAINE AND METABOLITES",1
"COCAINE ASSAY",1
"COCAINE USE DISORDER",1
"COCAINE/CRACK",1
"COCONUT CHARCOAL",1
"CODEINE",13
"CODEINONE REDUCTASE",1
"COGNITION",1
"COLLEGE CAMPUS",1
"COLLEGE STUDENTS",1
"COLLISION-INDUCED DISSOCIATION",2
"COLLISON NEBULIZER",1
"COLLOIDAL ASSEMBLY",1
"COLLOIDAL CRYSTAL",1
"COLLOIDAL GOLD",1
"COLOR SPOT TEST",1
"COLORADO",3
"COLORIMETRIC",1
"COLORIMETRIC DETECTION",2
"COLORIMETRIC NANOARRAY",1
"COLORIMETRIC SENSOR",2
"COLORIMETRY",4
"COLUMN-SWITCHING CHROMATOGRAPHY",1
"COMAMONAS TESTOSTERONI",1
"COMMERCIAL CANNABIS PRODUCTS",2
"COMMERCIAL CULTIVATION",1
"COMMUNICATION",1
"COMMUNITY CONSUMPTION",2
"COMMUNITY PHARMACIES",1
"COMPARATIVE STUDY",3
"COMPATIBILITY STUDY",1
"COMPETITION",2
"COMPETITIVE AFFINITY",1
"COMPLEX BIOLOGICAL FLUID",1
"COMPLEX MIXTURES",1
"COMPLEX REAL SAMPLES",1
"COMPLICATIONS",1
"COMPOSITE NANOFIBERS",1
"COMPOUND",1
"COMPOUND-SPECIFIC ISOTOPE ANALYSIS",1
"COMPOUNDED CAPSULES",1
"COMPUTATIONAL BIOLOGY",1
"COMPUTATIONAL CHEMISTRY",2
"COMPUTATIONAL DESIGN",1
"COMPUTATIONAL SIMULATION",1
"COMPUTATIONAL VIBRATIONAL SPECTROSCOPY",1
"COMPUTER-BASED LEARNING",1
"COMPUTER SIMULATION",1
"CONCEALMENT TECHNIQUES",1
"CONCENTRATION",1
"CONCENTRATION AND ENANTIOMERIC PROFILING",1
"CONCOMITANT OPIOID MISUSE",1
"CONDUCTING POLYMER",1
"CONDUCTING POLYMERS",1
"CONDUCTIVE INK",1
"CONDUCTIVE POLYMER",1
"CONFIDENTIALITY AND PRIVACY",1
"CONFIRMATION",1
"CONFORMATION",1
"CONJUGATE ADDITION",1
"CONSTIPATION",1
"CONSUMPTION",4
"CONSUMPTION MARKER",1
"CONTACTLESS CONDUCTIVITY DETECTION",1
"CONTAMINANT",2
"CONTAMINANTS OF EMERGING CONCERN",2
"CONTAMINATION",2
"CONTENT ANALYSIS",1
"CONTEXTUAL BIAS",1
"CONTINUOUS FLOW",3
"CONTROLLED DETECTION",1
"CONTROLLED RELEASE",4
"CONTROLLED RELEASE DOSAGE FORMS",1
"CONTROLLED RELEASE SYSTEM",1
"CONTROLLED STUDY",1
"CONTROLLED SUBSTANCE IDENTIFICATION",1
"CONTROLLED SUBSTANCES",2
"CONTROLLED SUBSTANCES ACT",1
"CONVERSION YIELD",1
"CONVOLUTION",1
"COOL-SEASON CEREAL GRAIN",1
"COOPERATION WITH POLICE",1
"COPPER SULPHATE",1
"COR",1
"CORE-SHELL MAGNETIC CARBON NANOPARTICLES",1
"CORE-SHELL PARTICLES",1
"CORNSTARCH",1
"CORRECTION FACTORS",1
"CORRELATION",2
"CORRELATION COEFFICIENT",1
"CORTICOSTEROIDS",1
"COSMETICS",1
"COSOLVENT",1
"COUGH MEDICINE",1
"COUNTERFEIT",2
"COUNTERFEIT DRUGS",2
"COUNTERFEIT MEDICINES",3
"COUNTY LINES",1
"COVALENTLY ATTACHMENT OF APTAMER",1
"COVARIATE SHIFT",1
"COX2",1
"CRACK",3
"CRIME SCENE INVESTIGATION",1
"CRIME STATISTICS",1
"CRIMINAL EVOLUTION",1
"CRIMINAL JUSTICE POLICY",1
"CRIMINAL MARKETS",1
"CRIMINAL TRIALS",1
"CROATIA",1
"CROSS-CHECK",1
"CROSS-CONTAMINATION",1
"CROSS-CULTURAL STUDY",1
"CROSS-NATIONAL",1
"CROSS-REACTIVITY",2
"CROSS-SECTIONAL SURVEY",1
"CROTONYLFENTANYL",2
"CRUSH-RESISTANT",1
"CRYPTOMARKET",2
"CRYPTOMARKETS",12
"CRYSTAL METH",1
"CRYSTAL STRUCTURE",1
"CRYTPOMARKETS",1
"CTAB",1
"CUCURBIT[7]URIL",1
"CULTIVAR",2
"CULTIVARS",1
"CULTIVATION",3
"CULTURAL VALUE",1
"CUMYL-4CN-B7AICA",1
"CUMYL-4CN-BINACA",1
"CUMYL-5F-PICA",1
"CUMYL-BICA",1
"CUMYL-PEGACLONE",1
"CUMYL-PINACA",2
"CUMYL CARBOXAMIDE-TYPE",1
"CURATION",1
"CURTIS SIMILARITY",1
"CURVE RESOLUTION",1
"CUSCOHYGRINE",1
"CUSTOMS",1
"CUTTING AGENTS",1
"CYANIDE",1
"CYBER CRIME",3
"CYCLIC INDENE",1
"CYCLIC VOLTAMMETRY",5
"CYCLIC VOLTAMMETRY (CV)",1
"CYCLIZATION",1
"CYCLOADDITION",1
"CYCLODEXTRIN",2
"CYCLODEXTRINS",2
"CYCLOHEXENONES",1
"CYCLOOXIGENASE",1
"CYCLOPENTYLTADALAFIL",1
"CYCLOPIAZONIC ACID",1
"CYCLOPROPYLFENTANYL",2
"CYPROHEPTADINE",1
"CYTOCHROME-P450",2
"CYTOCHROME C",1
"CYTOTOXIC",1
"CYTOTOXICITY",4
"CYTOTOXICITY ACCORDING TO ENANTIOMERS",1
"D-AMPHETAMINE",1
"D. SURFACE ANALYSIS",1
"DAKIN-WEST",1
"DALT",1
"DANSYL CHLORIDE",2
"DAPOXETINE",1
"DARK NET",1
"DARK NET DRUG MARKETS",1
"DARK NET MARKETPLACES",1
"DARK WEB",3
"DARKNET",3
"DARKNET MARKETS",2
"DART",1
"DART-HRMS",1
"DART-MS",4
"DART-TOF-MS",1
"DATA MINING",1
"DATA VALIDATION",1
"DATA VISUALIZATION",1
"DATABASE",1
"DATE RAPE DRUG",2
"DATE RAPE DRUGS",1
"DATURA",1
"DATURA INNOXIA",1
"DATURA STRAMONIUM",2
"DATURA STRAMONIUM L",1
"DEALKYL-SDB-006",1
"DEALKYLATION",1
"DEATH",2
"DEBARYOMYCES",1
"DECARBOXYLATION",1
"DECARBOXYLATION KINETICS",1
"DECISION MAKING",1
"DECORATED NANOGRAPHENE",1
"DECRIMINALIZATION",1
"DEEP LEARNING",1
"DEFECTIVE MESOPOROUS CARBON",1
"DEFINED DAILY DOSE",1
"DEFINED DAILY DOSE (DDD)",1
"DEGLUTITION",1
"DEGRADANTS",1
"DEGRADATION",3
"DEGRADATION PATHWAY",1
"DEGRADATION PRODUCT",1
"DEGRADATION PRODUCTS",2
"DEGRADATION STUDY",1
"DEGREE OF SUBSTITUTION",1
"DEHYDROEPIANDROSTERONE",1
"DEHYDRONORKETAMINE",1
"DELIRIUM",1
"DELTA-9-TETRAHYDROCANNABINOL",1
"DELTA 9-TETRAHYDROCANNABINOL",1
"DELTA 9-THC",1
"DEMAND",1
"DEMETHYLATION",1
"DENMARK",1
"DENOMINATORS",1
"DENSITOMETRIC ANALYSIS",1
"DENSITOMETRY",2
"DENSITY FUNCTION THEORY",1
"DENSITY FUNCTIONAL CALCULATIONS",1
"DENSITY FUNCTIONAL THEORY (DFT)",10
"DENSITY FUNCTIONAL THEORY CALCULATIONS",1
"DEOXYPEGANINE",1
"DEPOSITION OF AUNPS",1
"DEPRESSION",3
"DEPROTONATION",1
"DEREPLICATION",1
"DERIVATIZATION",7
"DESCHLOROKETAMINE",1
"DESCRIPTOR PROPERTIES",1
"DESIGN DRUG",1
"DESIGN OF EXPERIMENTS",2
"DESIGNER AMINES",1
"DESIGNER AMPHETAMINES",1
"DESIGNER BENZODIAZEPINES",1
"DESIGNER CANNABINOIDS",1
"DESIGNER DRUGS",23
"DESIGNER DRUGS, NBOMES, HALLUCINOGENS, CLINICAL AND LABORATORIAL",1
"DESIGNER STEROID",1
"DESIGNER STIMULANTS",1
"DESOMORPHINE",3
"DESORPTION ELECTROSPRAY IONIZATION",1
"DETECTION",3
"DETECTION OF COCAINE",1
"DETECTION/ACQUISITION STUDIES",1
"DETECTOR",1
"DETERMINATION",3
"DETERMINATION IN URINE WITH LC-MS/MS",1
"DETERX",1
"DEVICES",1
"DEXAMETHASONE",1
"DEXTROMETHORPHAN",1
"DFT CALCULATIONS",1
"DIAGNOSIS",1
"DIAMETER",1
"DIAMINOMALENONITRILE",1
"DIASTEREOMERIC HYDRAZONES",1
"DIAZEPAM",10
"DIAZEPAM INJECTION",1
"DICLAZEPAM",1
"DICLOFENAC",1
"DICYCLOMINE",1
"DIELECTRIC-BARRIER DISCHARGE",1
"DIELECTROPHORESIS",1
"DIETARY SUPPLEMENT",3
"DIETARY SUPPLEMENTS",14
"DIFFERENT CEREALS",1
"DIFFERENTIAL",1
"DIFFERENTIAL EXPRESSION GENE",1
"DIFFERENTIAL MOBILITY SPECTROMETRY",1
"DIFFERENTIAL PULSE VOLTAMMETRY",7
"DIFFERENTIAL SCANNING CALORIMETRY (DSC)",2
"DIFFUSIVE GRADIENTS IN THIN FILMS (DGT)",1
"DIGITAL DATA",1
"DIGITAL HEALTH",1
"DIGITAL IMAGES COLORIMETRY",1
"DIGITAL SURVEILLANCE",1
"DIGITAL TRACE METHODOLOGY",1
"DIGITAL TRACES",1
"DIHYDROERGOSINE",1
"DIHYDROERGOTAMINE",1
"DIHYDROLYSERGOL",1
"DIHYDROMORPHINE",1
"DIHYDROXYISOECHINULIN",1
"DIKETOPIPERAZINE INDOLE ALKALOIDS",1
"DILTIAZEM DETERMINATION",1
"DILTIAZEM HYDROCHLORIDE",2
"DILTIAZEM HYDROCHLORIDE/COMPOUNDED CAPSULES",1
"DILTIAZEM HYDROCHLORIDE/TABLETS",1
"DILUENT",1
"DILUTE-AND-INJECT",1
"DIMEDONE",1
"DIMETHOXYPHENYL-N-[(2-METHOXYPHENYL)METHYL]ETHANAMINE",1
"DIMETHYLAMYLAMINE",1
"DIMETHYLTRYPTAMINE (DMT)",1
"DIMS",1
"DIODE ARRAY DETECTION",1
"DIODE ARRAY UV DETECTION",1
"DIPHENHYDRAMINE",1
"DIPHENIDINE",2
"DIPROPYLAMINE",2
"DIRECT ANALYSIS",1
"DIRECT ANALYSIS IN REAL TIME",1
"DIRECT ANALYSIS IN REAL TIME MASS SPECTROMETRY",1
"DIRECT COMPRESSION",1
"DIRECT EI LC-MS INTERFACE",1
"DIRECT ENANTIOMER SEPARATION BY HPLC",1
"DIRECT IONIZATION-MASS SPECTROMETRY",1
"DIRECT SAMPLE ANALYSIS",2
"DIRECT SAMPLE PREPARATION",1
"DISCRIMINANT ANALYSIS",1
"DISCRIMINATION",1
"DISCUSSION FORUMS",1
"DISGUISED TABLETS",1
"DISINFECTION BY-PRODUCTS",1
"DISINFECTION BYPRODUCTS",1
"DISPENSARIES",2
"DISPENSARY",1
"DISPENSINGS",1
"DISPERSION",1
"DISPERSION CORRECTION",1
"DISPERSIVE LIQUID-LIQUID MICROEXTRACTION",1
"DISPERSIVE LIQUID-PHASE MICROEXTRACTION",1
"DISPERSIVE LIQUID–LIQUID MICROEXTRACTION",1
"DISPERSIVE LIQUID–LIQUID MICROEXTRACTION–SOLDIFIED FLOATING ORGANIC DROP",1
"DISPERSIVE NANOMATERIAL-ULTRASOUND ASSISTED MICROEXTRACTION",1
"DISSOCIATIVE",1
"DISSOCIATIVE ANESTHETICS",4
"DISSOCIATIVE DISORDERS",1
"DISSOCIATIVE DRUGS",1
"DISSOLUTION",2
"DISSOLUTION KINETICS",1
"DISSOLUTION PROFILE",1
"DIVERSION",3
"DIVERTED USE OF DRUGS",1
"DLLME",2
"DMAA",1
"DMBA-CHMINACA",1
"DMT",2
"DNA-BASED IDENTIFICATION",1
"DNA ANALYSIS",1
"DNA DATABASE",1
"DNA EXTRACTION",1
"DNA EXTRACTION KIT",1
"DNA PURIFICATION",1
"DNA SEQUENCE",1
"DNA TYPING",3
"DNA/PROTEIN INTERACTION",1
"DOCKING",1
"DODDER TRANSMISSION",1
"DOEHLERT MATRIX OPTIMIZATION",1
"DOG FOOD",1
"DOMAIN ADAPTATION",1
"DOMINO REACTION",1
"DOPAMINE",2
"DOPAMINE REUPTAKE BLOCKING",1
"DOPED GRAPHENE",1
"DOPING",4
"DOPING-CONTROL",1
"DOPING CONTROL",3
"DOSAGE",1
"DOSE DUMPING",1
"DOSE PROPORTIONALITY",1
"DOSY NMR",1
"DOUBLE-BLIND STUDY",1
"DOUBLE-TERNARY GRADIENT HIGH-PERFORMANCE LIQUID CHROMATOGRAPHY",1
"DOX",1
"DRAEGER DRUGTEST 5000",1
"DRINKING WATER",4
"DRINKING WATER, SURFACE WATER, AND WASTEWATER",1
"DRIVING UNDER THE INFLUENCE",1
"DRIVING UNDER THE INFLUENCE OF DRUGS (DUID)",3
"DRUG",15
"DRUG-FACILITATED CRIMES",1
"DRUG-FACILITATED SEXUAL ASSAULT",2
"DRUG-RELATED CRIMES",1
"DRUG-RELATED DEATH",1
"DRUG ANALYSIS",8
"DRUG BEHAVIOR",1
"DRUG CHECKING",3
"DRUG CONSUMPTION",1
"DRUG CONSUMPTION ROOM",1
"DRUG CONSUMPTION, CORRELATION, EUROPE-WIDE STUDY, SEIZURES, SALES STATISTICS",1
"DRUG CONTROL",1
"DRUG CUTS",1
"DRUG DEALING",2
"DRUG DELIVER",1
"DRUG DETECTION",3
"DRUG DIFFUSION",1
"DRUG DISPOSAL",1
"DRUG DIVERSION",1
"DRUG EDUCATION",1
"DRUG ENFORCEMENT ADMINISTRATION",1
"DRUG EPIDEMIOLOGY",1
"DRUG FACILITATED CRIME AND DATE-RAPE",1
"DRUG FACILITATED CRIMES",1
"DRUG FACILITATED SEXUAL ASSAULT",1
"DRUG FACILITATED SEXUAL ASSAULT (DFSA)",1
"DRUG IDENTIFICATION",2
"DRUG INTELLIGENCE",1
"DRUG INTERACTIONS",1
"DRUG KNOWLEDGE",1
"DRUG LAW",1
"DRUG LIKING",2
"DRUG MARKET",1
"DRUG MARKET SIZE ESTIMATES",1
"DRUG MARKETS",5
"DRUG METABOLISM",1
"DRUG MONITORING",1
"DRUG MONITORING SYSTEMS",1
"DRUG OF ABUSE",4
"DRUG OF ABUSE TESTING",1
"DRUG OVERDOSE",1
"DRUG PANIC",1
"DRUG POISONING DEATHS",1
"DRUG POLICY",8
"DRUG PRICE",1
"DRUG PRICES",1
"DRUG PRODUCTS",1
"DRUG PROFILING",7
"DRUG PURITY",2
"DRUG QUALITY",1
"DRUG RELEASE KINETICS",1
"DRUG REMOVAL EFFICACY",1
"DRUG RESEARCH",1
"DRUG RESIDUES",1
"DRUG SALES",1
"DRUG SCREENING",2
"DRUG SEIZURE",1
"DRUG SEIZURES",1
"DRUG SIGNATURE",1
"DRUG STORAGE",1
"DRUG STREET SAMPLES",2
"DRUG SUPPLY",1
"DRUG TEST",1
"DRUG TESTING",2
"DRUG TRADE",1
"DRUG TRAFFICKING",1
"DRUG TREATMENT NEEDS",1
"DRUG TREND MONITORING",1
"DRUG TRENDS",2
"DRUG TYPE",1
"DRUG USE",10
"DRUG USERS",1
"DRUG UTILISATION",1
"DRUG UTILIZATION",2
"DRUGS ABUSE",1
"DRUGS AND DRIVERS",1
"DRUGS OF ABUSE",15
"DRUGS ON BILLS",1
"DSC",1
"DSHEA",1
"DUAL TEST",1
"DUBOISIA HYBRIDS",1
"DUBOISIA LEICHHARDTII",1
"DUBOISIA MYOPOROIDES",1
"DUMMY TEMPLATE",1
"DUQUENOIS REACTION",1
"DYNAMIC MASS REDISTRIBUTION",1
"DYNAMIC QUENCHING",1
"DYNAMIC SPME",1
"DYNAMIC SURFACE ENHANCED RAMAN SPECTROSCOPY",1
"E-CIGARETTES",2
"E-LIQUIDS",1
"E<U+039C>PAD",1
"EASI",1
"EC50 VALUES",1
"ECD SPECTROSCOPY",1
"ECL",1
"ECOLOGY",1
"ECONOMICS",1
"ECSTASY",22
"ECSTASY (MDMA)",1
"ECSTASY PILLS",1
"EDDP",1
"EDESTIN",1
"EDIBLE",3
"EDIBLES",7
"EDUCATION",5
"EFFECT SIZE",1
"EFFECTS",1
"EGG",1
"EHRLICH REACTION",1
"EI-MS",1
"ELDERLY PATIENTS",1
"ELECTRICAL CONDUCTIVITY",1
"ELECTRO-OXIDATION",2
"ELECTRO-PHOTOCATALYSIS",1
"ELECTROANALYSIS",2
"ELECTROCHEMICAL",2
"ELECTROCHEMICAL APTASENSOR",1
"ELECTROCHEMICAL BIOSENSOR",1
"ELECTROCHEMICAL DETECTION",2
"ELECTROCHEMICAL IMPEDANCE SPECTROSCOPY",1
"ELECTROCHEMICAL IMPEDANCE SPECTROSCOPY (EIS)",1
"ELECTROCHEMICAL IMPRINTED SENSOR",2
"ELECTROCHEMICAL MEASUREMENTS",1
"ELECTROCHEMICAL METHOD",1
"ELECTROCHEMICAL NANOAPTASENSOR",1
"ELECTROCHEMICAL NANOSENSOR",1
"ELECTROCHEMICAL SENSOR",10
"ELECTROCHEMICAL SENSORS",2
"ELECTROCHEMILUMINESCENCE",1
"ELECTROCHEMISTRY",5
"ELECTRODE FOULING",1
"ELECTRODES",1
"ELECTROKINETICS",1
"ELECTRON IONIZATION",1
"ELECTRON IONIZATION MASS SPECTROMETRY",1
"ELECTRONIC CIGARETTE",1
"ELECTRONIC CIGARETTES",1
"ELECTRONIC LIQUIDS",1
"ELECTRONIC NICOTINE DELIVERY DEVICES",1
"ELECTRONIC PROPERTIES",1
"ELECTROOXIDATION",1
"ELECTROPHILIC SUBSTITUTION",1
"ELECTROPHORETIC MOBILITY",1
"ELECTROPOLYMERIZATION",5
"ELECTROSPINNING",1
"ELECTROSPRAY IONISATION",1
"ELECTROSPRAY IONIZATION",1
"ELECTROSPRAY IONIZATION MASS SPECTROMETRY (ESIMS)",1
"ELECTROSTATIC REPULSION",1
"ELEMENTAL ANALYSIS",1
"ELEMENTARY/MIDDLE SCHOOL SCIENCE",1
"ELISA",5
"ELUCIDATION",1
"EMBEDDED PEAKS",1
"EMERGING CONTAMINANT",1
"EMERGING CONTAMINANTS",2
"EMERGING MICROPOLLUTANTS",1
"EMISSION",1
"EMPATHOGEN",1
"EMULSIFICATION MICROEXTRACTION BASED ON LOW-DENSITY SOLVENT",1
"ENANTIOMER",1
"ENANTIOMER MIGRATION ORDER",1
"ENANTIOMER RATIO",1
"ENANTIOMER SEPARATION",1
"ENANTIOMERIC RESOLUTION",1
"ENANTIOMERS",5
"ENANTIORESOLUTION",1
"ENANTIOSELECTIVE ANALYSIS",1
"ENANTIOSEPARATION",7
"ENANTIOSEPERATION",1
"ENDEMIC SPECIES",1
"ENDOCANNABINOIDS",2
"ENDOCRINE DISRUPTING COMPOUNDS",1
"ENDOCRINE DISRUPTING COMPOUNDS (EDCS)",1
"ENDOCRINE DISRUPTION",1
"ENDOCRINE DISRUPTOR",1
"ENDOGENOUS",2
"ENDOPHYTE",1
"ENDOPHYTES",1
"ENDOSPORES",1
"ENGINEERED BIOSYNTHESIS",1
"ENTACTOGEN",1
"ENTACTOGENS",1
"ENTHALPY-ENTROPY RELATION",1
"ENVIRONMENT",1
"ENVIRONMENTAL FACTORS",1
"ENVIRONMENTAL IMPACT",1
"ENVIRONMENTAL IMPACT OF DRUG ABUSE",1
"ENVIRONMENTAL RISK",1
"ENVIRONMENTAL SUSTAINABILITY",1
"ENVIRONMENTAL WATER SAMPLES",1
"ENZYME-LINKED IMMUNOSORBENT ASSAY",1
"ENZYME-LINKED IMMUNOSORBENT ASSAY (ELISA)",1
"ENZYME INHIBITION",1
"ENZYME ISOFORMS",1
"ENZYME THERMISTOR (ET)",1
"ENZYMES",3
"EP IMPURITIES",1
"EPHEDRA",1
"EPHEDRA ALATA",1
"EPHEDRA ALATA ALENDA",1
"EPHEDRA EXTRACT",1
"EPHEDRA FOLIATA",1
"EPHEDRA HERB",1
"EPHEDRA INTERMEDIA",1
"EPHEDRA MAJOR",1
"EPHEDRA PLANT",1
"EPHEDRA SINENSIS STAPF EPHEDRACEAE",1
"EPHEDRA SINICA",2
"EPHEDRACEAE",1
"EPHEDRAE HERBA",1
"EPHEDRINE",15
"EPHEDRINE ALKALOIDS",1
"EPHEDRINE AS SYNTHESIS PRECURSOR",1
"EPHEDRINE DETECTION",1
"EPHEDRINE HCL",1
"EPHEDRINES",1
"EPI LIBRARY MATCH",1
"EPIDEMIC",1
"EPIDEMIOLOGIC STUDY",1
"EPIDEMIOLOGY",7
"EPIMERS",1
"EPINEPHRINE",1
"ERADICATED SPECIMENS",1
"ERAGROSTIS CAPILLARIS",1
"ERAGROSTIS HIRSUTA",1
"ERECTILE DYSFUNCTION",2
"ERECTILE DYSFUNCTION DRUG",1
"ERGONOVINE",1
"ERGOT",2
"ERGOT-LIKE ALKALOID",1
"ERGOT ALKALOID",1
"ERGOT ALKALOIDS",13
"ERGOT ANALYSIS",1
"ERGOT SORGHUM",1
"ERIOCHROME BLACK T",1
"ESCHSCHOLZIA CALIFORNICA",1
"ESI-FT-ICR MS",1
"ESI-MS/MS",1
"ESI–MS",1
"ESSENTIAL CHEMICALS",1
"ESSENTIAL MEDICINES",1
"ESSENTIAL OIL",4
"ESSENTIAL OILS",1
"ESTIMABILITY",1
"ESTROGENS",2
"ESTUARINE SEDIMENT",1
"ESZOPICLONE",4
"ETHNOBOTANICS",1
"ETHNOBOTANY",3
"ETHNOGRAPHY",2
"ETHNOPHARMACOLOGY",1
"ETHOCEL",1
"ETHYLBENZOYLECGONINE",1
"ETHYLENEDIOXYTHIOPHENE",1
"ETHYLONE",2
"EUGENOL",1
"EURO BANKNOTES",1
"EUROPE",2
"EUROPEAN UNION",2
"EVANESCENT WAVE FIBRE BIOSENSOR",1
"EVOLUTION MARKET",1
"EXORPHIN",1
"EXPECTANCY EFFECTS",1
"EXPERIENTIAL LEARNING",1
"EXPERIMENTAL DESIGN",2
"EXPERT SYSTEM",1
"EXPERT TESTIMONY",1
"EXPERT WITNESS CREDIBILITY",1
"EXPERTISE",1
"EXPLANT",1
"EXPLORATORY SPATIAL DATA ANALYSIS",1
"EXPLOSIVE",5
"EXPOSURE",3
"EXPOSURE ASSESSMENT",1
"EXPRESSED SEQUENCE TAG",1
"EXPRESSED SEQUENCE TAG–SIMPLE SEQUENCE REPEAT (EST-SSR) MARKER",1
"EXTEMPORANEOUS PREPARATIONS",1
"EXTENDED-RELEASE",4
"EXTENDED-RELEASE FORMULATION",1
"EXTENDED-RELEASE HYDROMORPHONE",1
"EXTENDED-RELEASE MATRIX TABLET",1
"EXTENDED RELEASE",1
"EXTERNAL CONTAMINATION",1
"EXTRA-COLUMN VARIANCE",1
"EXTRACELLULAR AND INTRACELLULAR ALKALOIDS",1
"EXTRACTED COMMON ION CHROMATOGRAM",1
"EXTRACTION",3
"EXTRACTION SELECTIVITY",1
"EXTRACTION SPRAY",1
"F-MWCNTS @AUNPS NANOCOMPOSITE",1
"F-MWCNTS@AUNPS NANOCOMPOSITE",1
"F2201",1
"FACEBOOK",4
"FACTORS",1
"FAD",1
"FALSE-NEGATIVE",1
"FALSE POSITIVE",1
"FALSE RESPONSE",1
"FALSIFIED PRESCRIPTION",1
"FALSIFIED STEROIDS",1
"FAST ANALYSIS",1
"FAST BLUE B",1
"FAST FORENSIC ANALYSIS",1
"FAST GAS CHROMATOGRAPHY",1
"FAST GC–MS",1
"FAST IDENTIFICATION",1
"FATAL 4 × 100 FORMULA",1
"FATAL INTOXICATION",1
"FATALITY",2
"FATTY ACIDS",1
"FEED",2
"FEED WATER",1
"FEEDINGSTUFF",1
"FEEDS",1
"FENETHYLLINE",1
"FENTANYL ANALOGUES",2
"FENTANYL AND DERIVATIVES",25
"FENTANYL LACED HEROIN",1
"FENTANYL OVERDOSE",1
"FENTON-LIKE TREATMENT",1
"FERMENTATION",1
"FERRATE(VI)",1
"FERROCENE CONJUGATED DNA APTAMER",1
"FESTIVAL MEDICINE",1
"FIA",1
"FIBER-SPRAY/MASS SPECTROMETRY",1
"FIBRE",3
"FIBRE TYPE",1
"FID",1
"FIELD DEPLOYABLE INSTRUMENTATION",1
"FIELD SCALE REACTIVE TRANSPORT MODELLING",1
"FILTRATION",1
"FINE-GRAINED SEDIMENT",1
"FINGERPRINT",2
"FINGERPRINTING",3
"FIREARM",1
"FIRST-ORDER PHASE TRANSFORMATION",1
"FIRST RESPONDERS",1
"FISHER TRANSFORM",1
"FISHERY PRODUCTS",1
"FIXED-DOSE COMBINATION",1
"FLAKKA",1
"FLAME IONISATION DETECTOR",1
"FLAVOENZYME",1
"FLAVONOID",6
"FLOATING",1
"FLOATING TABLETS",1
"FLOS",1
"FLOW-THROUGH",1
"FLOW INJECTION ANALYSIS",1
"FLOW PROGRAM",1
"FLOWER",1
"FLUBROMAZEPAM",1
"FLUNITRAZEPAM",1
"FLUORESCENCE",3
"FLUORESCENCE ANISOTROPY",1
"FLUORESCENCE DETECTION",2
"FLUORESCENCE DETECTION (FLD)",1
"FLUORESCENCE IMMUNOASSAY",1
"FLUORESCENCE POLARIZATION",1
"FLUORESCENCE QUENCHING",1
"FLUORESCENCE RESONANCE ENERGY TRANSFER (FRET)",1
"FLUORESCENCE SENSOR",1
"FLUORESCENCE SPECTROSCOPY",1
"FLUORESCENT APTASENSOR",1
"FLUORESCENT FILM",1
"FLUORESCENT PROBES",1
"FLUOROAMPHETAMINE",1
"FLUOROBENZYL INDOLES",1
"FLUOROPHENMETRAZINE",1
"FLUOROPHORE",1
"FOOD",1
"FOOD ANALYSIS",1
"FOOD AND DRUG ADMINISTRATION",1
"FOOD AUTHENTICITY",1
"FOOD CONTAMINANTS",2
"FOOD MYCOTOXINS",1
"FOOD OF ANIMAL ORIGIN",1
"FOOD SAFETY",6
"FOOD SECURITY",1
"FOOD SUPPLEMENT",1
"FOOD SUPPLEMENTS",2
"FOODSTUFFS",1
"FORCED DEGRADATION",3
"FORENSIC",10
"FORENSIC ANALYSIS",9
"FORENSIC ANALYTICAL",1
"FORENSIC APPLICATIONS",1
"FORENSIC BOTANY",1
"FORENSIC CHEMISTRY",22
"FORENSIC DETECTION",1
"FORENSIC DNA",1
"FORENSIC ELECTROANALYSIS",1
"FORENSIC ELECTROCHEMISTRY",1
"FORENSIC EVIDENCE",1
"FORENSIC IDENTIFICATION",2
"FORENSIC INTELLIGENCE",2
"FORENSIC PLANT SCIENCE",3
"FORENSIC SCIENCE",28
"FORENSIC SCIENCE EPISTEMOLOGY",1
"FORENSIC SCIENCE FUNDAMENTALS",1
"FORENSIC SCIENCE SUMMIT",1
"FORENSIC TOXICOLOGY",7
"FOREST",1
"FORMALIN",1
"FORMALIN TEST",2
"FORMATION",1
"FORMULATIONS",1
"FOURIER TRANSFORM ION CYCLOTRON RESONANCE",1
"FRACTIONAL DISTILLATION",1
"FRACTIONAL FACTORIAL DESIGN",1
"FRACTIONATION",1
"FRAGMENTATION",2
"FRAGMENTATION PATHWAY",1
"FRAGMENTATION PATTERN",2
"FRANCE",1
"FRAUDS",1
"FREE LIQUID MEMBRANES",1
"FRESHWATER",1
"FRET",2
"FT-ICR MASS SPECTROMETRY",1
"FUB-144",1
"FUBINACA",1
"FULL CHARACTERIZATION",1
"FULLERENE",2
"FUNCTIONAL",1
"FUNCTIONAL FOOD",2
"FUNCTIONAL FOODS",1
"FUNCTIONAL PRINCIPAL COMPONENT ANALYSIS",1
"FUNCTIONALIZATION",2
"FUNCTIONALIZED CARBON NANOTUBE",1
"FUNCTIONALIZED CARBON NANOTUBES",1
"FUNCTIONALIZED MULTIWALL CARBON NANOTUBES",1
"FUNGI",1
"FUR SEAL GINSENG PILLS",1
"FUTURE PROTEIN SUPPLY",1
"G-AMINOBUTYRIC ACID RECEPTOR",1
"G-CARBOLINE, HERBAL BLENDS",1
"G-HYDROXYBUTYRATE",1
"GABAA",1
"GABAB AGONIST",1
"GABAPENTIN",1
"GAMMA-IRRADIATION",1
"GAMMA IRRADIATION",1
"GAS-PHASE IR SPECTROSCOPY",1
"GAS CHROMATOGRAPHY-INFRARED",1
"GAS CHROMATOGRAPHY-TANDEM MASS SPECTROMETRY",1
"GAS CHROMATOGRAPHY–",1
"GAS CHROMATOGRAPHY–FOURIER TRANSFORM INFRARED",1
"GAS CHROMATOGRAPHY–INFRAR<U+0392>ED",1
"GAS CHROMATOGRAPHY–MASS SPECTROMETRY",7
"GAS CHROMATOGRAPHY–MASS SPECTROMETRY (GC–MS)",1
"GAS CHROMATOGRAPHY (GC)",8
"GAS CHROMATOGRAPHY MASS - SPECTOGRAPHY",1
"GAS CHROMATOGRAPHY MASS SPECTROMETRY (GC-MSD)",1
"GAS PHASE ABSORPTION",1
"GAS SENSOR",1
"GAS SENSORS",1
"GASTRIC CONDITIONS",1
"GASTRORETENTIVE DRUG DELIVERY SYSTEM",1
"GBL",1
"GC-EI-MS-MS",1
"GC-EI/MS",1
"GC-FID",1
"GC-FT-IR",1
"GC-FTIR",1
"GC-IR",1
"GC-MS DETERMINATION",1
"GC-MS IT",1
"GC-QQQMS",1
"GC–CI-MS",1
"GC–EI-MS",1
"GC–EI/MS/MS",1
"GC–IR",1
"GC–MS",16
"GC–MS-MS",1
"GC–MS WITH COLD EI",1
"GC–TMS",1
"GC/FT-IR/MS",1
"GC/IR",1
"GC/MS/MS",1
"GENE SEQUENCING",1
"GENERAL POPULATION SURVEYS",1
"GENERALIST",1
"GENERIC PRODUCT",1
"GENETIC DIVERSITY",3
"GENETIC MAP",1
"GENETIC MARKER",1
"GENETIC VARIABILITY",1
"GENOME ASSEMBLIES",1
"GENOME ORGANIZATION",1
"GENOMIC RESOURCES",1
"GENOTOXIC IMPURITY",1
"GENOTOXICITY",1
"GENOTYPE",2
"GENOTYPE DIVERSITY",1
"GEOCHEMICAL FINGERPRINTING",1
"GEOCHEMISTRY",1
"GEOSOURCING",1
"GERMAN SITUATION",2
"GERMANY",1
"GERMINATION",1
"GHB",7
"GHRP-2 ANALOG",1
"GIBBERELLIC ACID",1
"GLASGOW",1
"GLOBAL SOUTH COUNTRIES",1
"GLUCOCORTICOIDS",1
"GLYCEROL",1
"GLYCOSIDE OF PEGANINE",1
"GLYCYRRHIZIC ACID",1
"GOLD AND SILVER NANOPARTICLES",1
"GOLD ELECTRODE",1
"GOLD NANOPARTICLE",1
"GOLD NANOPARTICLES",3
"GOLD NANOPARTICLES (GNPS)",1
"GRADIENT CHROMATOGRAPHY",1
"GRAPHENE",3
"GRAPHENE-OXIDE",1
"GRAPHENE OXIDE",3
"GRAPHENE QUANTUM DOTS",3
"GRAVIMETRIC",1
"GRAY DEATHS",1
"GREEN-SYNTHESIS",1
"GREEN ANALYTICAL CHEMISTRY",1
"GREEN CHEMISTRY",2
"GREEN CHROMATOGRAPHY",1
"GREEN METHOD",1
"GREEN SOURCE CARBON DOT",1
"GRIESS ASSAY",1
"GRIGNARD REACTION",1
"GRIVILLOSIDE H",1
"GROUP-BASED TRAJECTORY MODEL",1
"GROW-KITS",1
"GROWTH HORMONE",1
"GROWTH HORMONE RELEASING PEPTIDES",1
"GROWTH SETTING",1
"GSSRS",1
"GUAIFENESIN",1
"GUANIDINE-HCL",1
"GUAR GUM",1
"GUSTATORY SENSATION TEST",1
"GYMNOSPERM",1
"H-SHAPE STRUCTURE",1
"HAIR",1
"HAIR-GROWTH",1
"HAIR ANALYSIS",2
"HAIRPIN STRUCTURE",1
"HAIRY ROOTS",1
"HALF-LIFE",1
"HALLUCINOGEN",3
"HALLUCINOGENIC COMPOUNDS",1
"HALLUCINOGENIC MUSHROOMS",1
"HALLUCINOGENIC PHENETHYLAMINES",1
"HALLUCINOGENS",5
"HALOPERIDOL/STABILITY/COMPATIBILITY",1
"HANDHELD NIR",1
"HANDHELD RAMAN SPECTROSCOPY",1
"HANDS-ON LEARNING/MANIPULATIVES",1
"HAPPY CAPS®",1
"HARD-CAP ESPRESSO EXTRACTION",1
"HARM REDUCTION",7
"HARMALA ALKALOIDS",1
"HASHISH",5
"HAWAIIAN BABY WOODROSE",1
"HAZARDOUS HERBS",1
"HCA",2
"HEADSPACE ANALYSIS",2
"HEALTH AWARENESS",1
"HEALTH CARE PROVIDER",1
"HEALTH FOCUS: SOCIAL HEALTH",1
"HEALTH HAZARD",1
"HEALTH RISK",1
"HEALTH SUPPLEMENTS",1
"HEALTHCARE PRODUCTS",1
"HEAT TREATMENT",1
"HEDONIC MODELS",1
"HEMP",14
"HEMP (CANNABIS SATIVA L.)",2
"HEMP BIOMASS",1
"HEMP CAKE OIL",1
"HEMP DISEASES",1
"HEMP SEED",2
"HEMP SEED OIL",3
"HEPATOTOXICITY",1
"HER MAJESTY PRISON SERVICE",1
"HERBA EPHEDRAE",1
"HERBACEOUS AGENT",3
"HERBACETIN",1
"HERBAL BLENDS",2
"HERBAL COSMETICS",1
"HERBAL DIETARY SUPPLEMENT",1
"HERBAL DISCRIMINATION",1
"HERBAL DRUGS",1
"HERBAL EXTRACT",1
"HERBAL HIGHS",1
"HERBAL MIXTURES",1
"HERBAL PRODUCTS",2
"HERBAL SLIMMING PILLS",1
"HERBAL SLIMMING SUPPLEMENTS",1
"HERBAL SUPPLEMENTS",1
"HERBAL TEAS",1
"HERBAL WEIGHT LOSS DRUGS",1
"HERBICIDE",1
"HERKINORIN",1
"HEROIN",17
"HEROIN AND COCAINE ANALYSIS",1
"HEROIN BACTERIA",1
"HEROIN COMBINATIONS",1
"HEROIN MARKET MONITORING",1
"HEROIN OVERDOSE",2
"HEROIN PROFILING",1
"HEROIN PURITY",1
"HEROIN SIGNATURE",1
"HEROIN TOXICITY",1
"HETEROCYCLE SYNTHESIS",1
"HETEROCYCLES",1
"HETEROGENEOUS CATALYSIS",1
"HETEROGENEOUS PHOTOCATALYSIS",1
"HETEROLOGOUS ENZYME LINKED IMMUNOSORBENT ASSAY",1
"HETEROZYGOSITY",1
"HEXEDRONE",1
"HF MEMBRANES",1
"HFBA DERIVATISATION",1
"HIDDEN MARKOV MODEL",1
"HIDDEN WEB",3
"HIERARCHICAL CLUSTER ANALYSIS",2
"HIERARCHICAL CLUSTERING ANALYSIS",1
"HIERARCHICAL SCREENING",1
"HIGH-PERFORMANCE LIQUID CHROMATOGRAPHY-MASS SPECTROMETRY",1
"HIGH-PERFORMANCE LIQUID CHROMATOGRAPHY COUPLED WITH AN ULTRAVIOLET DETECTOR",1
"HIGH-PERFORMANCE THIN-LAYER CHROMATOGRAPHY (HPTLC)",1
"HIGH-PROTEIN PLANTS",1
"HIGH-RESOLUTION MASS SPECTROMETRY",11
"HIGH-RESOLUTION MELT",1
"HIGH-SPEED ANALYSIS",1
"HIGH-THROUGHPUT ANALYSIS",1
"HIGH PERFORMANCE LIQUID CHROMATOGRAPHY-DIODE ARRAY DETECTION (HPLC-DAD)",1
"HIGH PERFORMANCE LIQUID CHROMATOGRAPHY /METHOD VALIDATION",1
"HIGH RESOLUTION LIQUID CHROMATOGRAPHY",1
"HIGH RESOLUTION MASS SPECTROMETRY",6
"HIGH RESOLUTION MELT",1
"HIGH RESOLUTION MELTING ANALYSIS",1
"HIGH RESOLUTION TANDEM MASS SPECTROMETRY",1
"HIGH RISK BEHAVIOR",1
"HIGH SENSITIVITY",1
"HIGH THROUGHPUT",2
"HIGHLY SULFATED G-CYCLODEXTRIN",1
"HILIC",1
"HILIC COLUMN",2
"HISTORICAL STUDY",1
"HISTORY",2
"HISTORY OF PHARMACY",1
"HIV DIAGNOSES",1
"HLM",1
"HOLLOW FIBER LIQUID PHASE MICROEXTRACTION",1
"HOLOGRAPHIC SENSOR",1
"HOME CULTIVATION",1
"HOMEMADE DRUGS",1
"HOMEOPATHIC PRODUCTS",1
"HOMOGENEOUS LIQUID–LIQUID MICROEXTRACTION",1
"HOMOGENEOUS LIQUID–PHASE MICROEXTRACTION",1
"HOMOGENISATION",1
"HONEY",1
"HONG KONG",1
"HOOKAH",1
"HORMONE RESIDUES",1
"HORMONES",3
"HORSE DISPOSAL",1
"HOSPITAL EFFLUENT",1
"HOST-GUEST CHEMISTRY",1
"HOST–GUEST RECOGNITION",1
"HOT-PLATE TEST",1
"HOT MELT GRANULATION",1
"HOUSE",1
"HOUSE DUST",1
"HPLC-DAD",1
"HPLC-DAD FINGERPRINT",1
"HPLC-DAD METHOD",1
"HPLC-FLD",1
"HPLC-FLD-DAD",1
"HPLC-MS",1
"HPLC-MS/MS ANALYSES",1
"HPLC-Q-EXACTIVE-ORBITRAP-MS",1
"HPLC-QQQ/MS/MS",1
"HPLC-TOF/MS",1
"HPLC-UV",1
"HPLC–DAD",1
"HPLC DETERMINATION",1
"HPLC/DAD",1
"HPLC/UV–VIS SYSTEM",1
"HPTLC-ALIIVIBRIO FISCHERI ASSAY-ESI–MS",1
"HR-MS/MS",1
"HRM",1
"HRMS",5
"HS",1
"HS-GC/MS",1
"HS-SPME/GC–MS",1
"HUMAN",1
"HUMAN ABUSE POTENTIAL",4
"HUMAN BLOOD AND URINE",1
"HUMAN ENHANCEMENT DRUGS",1
"HUMAN HEALTH RISK CHARACTERIZATION",1
"HUMAN PLASMA",1
"HUMAN RISK ASSESSMENT",1
"HUMAN SUBJECTS RESEARCH",1
"HUMAN TEARS",1
"HUMAN URINE",3
"HYBRIDS",1
"HYDRAZINE",1
"HYDRAZONE",1
"HYDROCODONE",2
"HYDROGEN BOND",1
"HYDROGENATION",2
"HYDROLYSED",1
"HYDROLYSIS",2
"HYDROMORPHONE",2
"HYDROPHILIC INTERACTION LIQUID CHROMATOGRAPHY",3
"HYDROPHOBIC DEEP EUTECTIC SOLVENT",1
"HYDROTHERMAL LIQUEFACTION",1
"HYDROXYCHLOROQUINE",1
"HYDROXYHYDURILATE ANION",1
"HYDROXYPROPYLCELLULOSE",1
"HYGRINE",1
"HYOSCINE",3
"HYOSCYAMINE SULFATE",1
"HYOSCYAMUS ALBUS",1
"HYPERBRANCHED POLYMERS",1
"HYPERICACEAE (GUTTIFERAE)",1
"HYPERICUM PERFORATUM",1
"HYPHENATED TECHNIQUES",1
"HYPNOTICS",1
"HYPOGONADISM",1
"HYPROMELLOSE",1
"HYPROMELLOSE ACETATE SUCCINATE",1
"I/P (NAGAI, MOSCOW, OR HYPO) METHOD",1
"IBOGA",1
"IBOGAINE",2
"ICS",1
"IDENTIFICATION",9
"IDENTIFICATION AND CHARACTERIZATION",1
"IDENTIFICATION AND QUANTIFICATION",1
"IDENTIFICATION OF EXPLOSIVES AND DRUGS",1
"IDENTIFICATION OF NEWLY EMERGED PSYCHOTROPIC DRUGS",1
"IDENTIFIER",1
"IKBI",1
"ILLEGAL ADDITIVES",2
"ILLEGAL ADULTERANTS",2
"ILLEGAL ADULTERATION",3
"ILLEGAL COCAINE PRODUCTION",1
"ILLEGAL COMPOUND",1
"ILLEGAL DRUG MARKETS",1
"ILLEGAL KETAMINE USE",1
"ILLEGAL MARKETS",1
"ILLEGAL MEDICINES",1
"ILLEGAL PRODUCT",1
"ILLEGAL PRODUCTS",1
"ILLICIT DRUG",57
"ILLICIT DRUG CONSUMPTION",1
"ILLICIT DRUG LAWS",1
"ILLICIT DRUG MARKET",2
"ILLICIT DRUG PROFILING",1
"ILLICIT DRUG USE",1
"ILLICIT DRUGS SEIZURE",1
"ILLICIT ERECTILE MEDICATION",1
"ILLICIT FENTANYL",1
"ILLICIT METHAMPHETAMINE",1
"ILLICIT PRODUCT",1
"ILLICIT SYNTHETIC OPIOIDS",1
"IMAGE ANALYSIS",1
"IMAGING",1
"IMINIUM ION",1
"IMMEDIATE-RELEASE",1
"IMMEDIATE RELEASE DOSAGE FORMS",1
"IMMOBILIZATION",2
"IMMUNOASSAY",4
"IMMUNOCHROMATOGRAPHIC ASSAY",2
"IMMUNOCHROMATOGRAPHIC SENSOR",1
"IMMUNOCHROMATOGRAPHIC STRIP",1
"IMMUNOCHROMATOGRAPHY",1
"IMMUNOSENSOR",1
"IMMUNOSUPPRESSIVE",1
"IMPAIRMENT",1
"IMPEDANCE SPECTROSCOPY",1
"IMPORTATION",1
"IMPORTATIONS",1
"IMPROVED DETECTION",1
"IMPURITIES",2
"IMPURITIES OF RELATED STRUCTURE",1
"IMPURITY",1
"IMPURITY ANALYSIS",1
"IMPURITY CHARACTERIZATION",1
"IMPURITY CONTROL",1
"IMPURITY PROFILING",8
"IN-LINE OR ON-LINE PRECONCENTRATION",1
"IN-SITU ANALYSIS",1
"IN SITU ANALYSIS",2
"IN VITRO",1
"IN VITRO DISSOLUTION PROFILE",1
"IN VITRO IN VIVO CORRELATION",1
"IN VIVO",1
"IN VIVO AND IN VITRO METABOLISM",1
"INCLUSION COMPLEX",1
"INDAPYROPHENIDONE",1
"INDAZOLE 7N POSITIONAL ISOMER",1
"INDAZOLE SYNTHETIC CANNABINOID",1
"INDIGENOUS",1
"INDIRECT CHIRAL SEPARATION",1
"INDIRECT COMPETITIVE ENZYME LINKED IMMUNOSORBENT ASSAY",1
"INDOCYBIN",1
"INDOLE",1
"INDOLE ALKALOIDS",1
"INDOLE DERIVATIVES",2
"INDOLEALKYLAMINE",1
"INDOOR POLLUTION",2
"INDOOR SWIMMING POOLS",1
"INDUCTIVE COUPLED PLASMA-MASS SPECTROMETRY",1
"INDUSTRIAL CHEMICALS",1
"INDUSTRIAL HEMP",1
"INFANT",1
"INFLAMMATION",1
"INFORMATION SEEKING BEHAVIOR",1
"INFORMED CONSENT",1
"INFRARED AND RAMAN SPECTROSCOPIES",1
"INFRARED SPECTROSCOPY (IR)",4
"INFUSION/DECOCTION/HYDROETHANOLIC EXTRACT",1
"INHALATION",1
"INJECTING DRUG USE",1
"INJECTION DRUG USERS (IDUS)",1
"INORGANIC ELEMENT",1
"INSOMNIA",1
"INSTAGRAM",1
"INSTITUTIONAL REVIEW BOARD",1
"INSTRUMENTAL METHODS",1
"INSTRUMENTAL TECHNIQUES",1
"INTEGRAL CORRELATION CRITERIA",1
"INTELLIGENCE",3
"INTERACTIONS",1
"INTERDISCIPLINARY",1
"INTERNATIONAL DRUG CONTRIOL TREATIES",1
"INTERNET",10
"INTERNET-BASED DRUG FORUMS",1
"INTERNET DRUGS",1
"INTERNET FORUM",1
"INTERNET MONITORING",1
"INTERNET PHARMACY",1
"INTERNET TRACES",1
"INTERNET/WEB-BASED LEARNING",1
"INTERRUPTED TIME SERIES",1
"INTERRUPTED TIME SERIES ANALYSIS",1
"INTOXICATION",6
"INTRANASAL",1
"INVERSE KIRKWOOD-BUFF INTEGRALS",1
"INVERSE KIRKWOOD–BUFF INTEGRALS",1
"IODOCYCLIZATION",1
"ION-PAIR COMPLEX",1
"ION-PAIRING CHROMATOGRAPHY",1
"ION ANALYSIS",1
"ION MOBILITY",1
"ION MOBILITY SPECTROMETRY (IMS)",6
"IONIC LIQUID",2
"IONIC LIQUID-BASED HOMOGENEOUS LIQUID–LIQUID MICROEXTRACTION",1
"IONIC LIQUID CRYSTAL",1
"IONIC LIQUID DISPERSIVE LIQUID–LIQUID MICROEXTRACTION",1
"IONIC LIQUID FOAM FLOATATION",1
"IONIC MOBILITY",1
"IONIZATION SOURCE",1
"IPTEI",1
"IR AND MASS SPECTROMETRY",1
"IR ION SPECTROSCOPY",1
"IR SPECTRA",1
"IRAN",2
"IRON-DIENE COMPLEXES",1
"IRON COMPLEXES",1
"IRON DECOMPLEXATION",1
"ISATIN",1
"ISIL",1
"ISO-4-BMC",1
"ISOLATION",1
"ISOMER SEPARATION",1
"ISOMERIC DRUGS",1
"ISOMERS",3
"ISOQUINOLINE ALKALOIDS",1
"ISOSCAPE",1
"ISOTHERMAL AMPLIFICATION",2
"ISOTOPE-LABELED INTERNAL STANDARDS",1
"ISOTOPE DILUTION",1
"ISOTOPE RATIO",1
"ISOTOPE RATIO MASS SPECTROMETRY",2
"ISOTOPE RATIOS",1
"ISOTOPIC SIGNATURE",1
"ISSUE 116",1
"ITALY",2
"IUPAC INORGANIC CHEMISTRY DIVISION",1
"IV ABUSE",1
"JIMSONWEED",1
"JOULE HEATING",1
"JRC",1
"JURY DECISION MAKING",1
"JWH",1
"JWH-018",2
"JWH-073",1
"JWH, AKB48",1
"KAMINI VIDRAWAN RAS",1
"KANNA",1
"KETAMINE",13
"KETO GROUPS' OXIMATION",1
"KETONE",1
"KETONE OLEFINATION",1
"KETONES",1
"KETOREDUCTASE",1
"KETOROLAC TROMETHAMINE",1
"KETUM",1
"KHAT",8
"KHAT PLANT",1
"KINASES",1
"KINETIC AND THERMODYNAMIC PARAMETERS",1
"KINETIC PARAMETERS",1
"KINETIC RESOLUTION",1
"KINETIN",1
"KITCHEN CHEMISTRY",1
"KORNBLUM OXIDATION",1
"KRATOM",13
"KRATOM ALKALOIDS",1
"KRATOM COCKTAIL",1
"KROKODIL",2
"L-(+)-TARTARIC ACID",1
"L-HYOSCYAMINE",1
"L-LYSINE",1
"L-PHENYLACETYLCARBINOL",2
"L-TYROSINE",1
"LAB-ON-A-CHIP",1
"LAB-ON-CHIP",1
"LAB ON PAPER",1
"LABEL-FREE",1
"LABELLING",1
"LABELLING AND PACKAGING",1
"LABORATORY",1
"LABORATORY INSTRUCTION",1
"LAESI–MASS SPECTROMETRY",1
"LAKES",1
"LAMP",1
"LANTHANUM DOPED FERN-LIKE CUO NANOLEAVES",1
"LAO PDR",1
"LARGE VOLUME ON-LINE SOLID PHASE EXTRACTION",1
"LASER ABLATION",1
"LATENT CLASS ANALYSIS",1
"LATENT FINGERPRINTS",1
"LATERAL FLOW IMMUNOASSAY",1
"LATERAL FLOW IMMUNOCHROMATOGRAPHY",1
"LATIN AMERICA",1
"LAW",1
"LAW ENFORCEMENT",3
"LAW ENFORCEMENT PERCEPTIONS",1
"LAY EPIDEMIOLOGY",1
"LAYER-INDUCED SENSITIVITY ENHANCEMENT",1
"LC-DAD-HESI-MSN",1
"LC-ESI-MS",1
"LC-ESI-MS/MS",2
"LC-ESI/MS",1
"LC-ESI/MSN",1
"LC-FLD",1
"LC-HR-MS/MS",1
"LC-HR-MS/MS 4-EA-NBOME",1
"LC-HRAM-MS",1
"LC-HRMS",1
"LC-MS",6
"LC-ORBITRAP",2
"LC-PDA",1
"LC-QTOF",1
"LC-QTOFMS",1
"LC-TOF/MS",1
"LC-UV",1
"LC–DAD",1
"LC–ESI-IT-TOF-MS",1
"LC–ESI–QTOF–MS",1
"LC–HR–MS/MS",1
"LC–HRMS",1
"LC–MS",4
"LC–MS/MS",18
"LC–MSN",2
"LC–PDA",1
"LC–Q-TOF/MS",1
"LC–QTOF-MS/MS",1
"LCGREEN PLUS®",2
"LDH/FE3O4@ GCE",1
"LDX",1
"LEACHATE",1
"LEAD (II) ACETATE",1
"LEARNING MOTIVATION",1
"LEFETAMINE",1
"LEGAL DRUG ALTERNATIVES",1
"LEGAL HIGH",2
"LEGAL HIGHS",8
"LEGAL STATUS",3
"LEGALIZATION",8
"LEGISLATION AND JURISPRUDENCE",2
"LEGUMES",1
"LEUCKART REACTION",1
"LEVAMISOLE",7
"LIBERALIZATION",1
"LIBRARY SEARCH",1
"LIDOCAINE",1
"LIFESTYLE DRUGS",1
"LIGAND DESIGN",1
"LIGNANAMIDES",1
"LIGNANS",1
"LIGNIN",1
"LIGNIN STRUCTURE",1
"LIMIT OF DETECTION (LOD)",1
"LINEARITY",1
"LINK ESTABLISHMENT",1
"LINKING TABLETS",1
"LIPOPHILICITY",2
"LIQUID-LIQUID MICROEXTRACTION",1
"LIQUID-PHASE MICROEXTRACTION",1
"LIQUID–LIQUID EXTRACTION",1
"LIQUID–LIQUID EXTRACTION WITH LOW TEMPERATURE PARTITIONING",1
"LIQUID CHROMATOGRAPHY-",1
"LIQUID CHROMATOGRAPHY-ELECTROSPRAY TANDEM MASS SPECTROMETRY",1
"LIQUID CHROMATOGRAPHY–MASS SPECTROMETRY",2
"LIQUID CHROMATOGRAPHY–TANDEM MASS SPECTROMETRY",2
"LIQUID CHROMATOGRAPHY – TANDEM MASS SPECTROMETRY",1
"LIQUID CHROMATOGRAPHY (LC)",16
"LIQUID ILLICIT DRUGS",1
"LIQUID PHASE MICROEXTRACTION",1
"LISDEXAMFETAMINE",1
"LISDEXAMFETAMINE DIMESYLATE",2
"LITHOSPERMUM ERYTHRORHIZON",1
"LIVESTOCK PRODUCTS",1
"LOD/LOQ EVALUATION",1
"LOGISTIC REGRESSION",1
"LONG-TERM GROUNDWATER POLLUTION",1
"LOOP-MEDIATED ISOTHERMAL AMPLIFICATION",1
"LOOSE-SKIN MANDARINS",1
"LOPHOPHORA",1
"LOSSEN REARRANGEMENT",1
"LOW-FIELD NMR",2
"LOW-RESOLUTION TANDEM MASS SPECTROMETRY",1
"LOW PRESSURE PHOTOIONIZATION",1
"LOW TEMPERATURE",1
"LOYALTY",1
"LSA",1
"LSD",8
"LSD ANALOGUES",1
"LSD DERIVATIVES",1
"LSD METABOLITES",1
"LUMINESCENCE",2
"LUMINOL",1
"LUNG",1
"LUX CELLULOSE-4 COLUMN",1
"LYRICA",1
"LYSERGAMIDES",3
"LYSERGIC ACID AMIDE",2
"LYSERGIC ACID AMIDE (LSA)",1
"LYSERGIC ACID DIETHYLAMIDE",1
"M. SPECIOSA",1
"M2 MUSCARINIC RECEPTOR",1
"MACHINE LEARNING",2
"MAGIC MUSHROOM",2
"MAGIC MUSHROOMS",1
"MAGNESIUM CHLORIDE",1
"MAGNETIC BEAD",1
"MAGNETIC CARBON NANOTUBES",1
"MAGNETIC DISPERSIVE SOLID-PHASE EXTRACTION",1
"MAGNETIC HYBRID MATERIAL",1
"MAGNETIC LATERAL FLOW STRIP",1
"MAGNETIC NANOADSORBENT",1
"MAGNETIC NANOPARTICLES",1
"MAGNETIC SOLID-PHASE EXTRACTION",1
"MAGNETIC SOLID PHASE EXTRACTION",1
"MAGNETIC SOLID PHASE MICRO-EXTRACTION",1
"MAHUANG-FUZI-XIXIN DECOCTION",1
"MAIZE PROTEIN",1
"MALAYSIA",1
"MALDI",4
"MALDI-MSI",1
"MALDI-QTOF-MASS SPECTROMETRY",1
"MALDI MASS SPECTROMETRY",1
"MALDI MATRICES",1
"MALDI/TOFMS",1
"MANDRAKE",1
"MANUFACTURING IMPURITY WITH CANNABINOID ACTIVITY",1
"MAO",1
"MAPPING",1
"MARIJUANA-INFUSED PRODUCTS",2
"MARIJUANA CONCENTRATES",2
"MARIJUANA LAWS",1
"MARIJUANA LEGALIZATION",2
"MARIJUANA SMOKING",1
"MARINE ENVIRONMENT",1
"MARKER",1
"MARKER GENOTYPE",1
"MARKERS",1
"MARKETING",1
"MARKETS",2
"MARTINIQUE",1
"MASS-MOBILITY RELATIONSHIPS",1
"MASS BALANCE",1
"MASS SPECTRAL COMPARISON",1
"MASS SPECTRAL DATABASE",1
"MASS SPECTROMETRY (GC-MS)",1
"MASS SPECTROMETRY (MS)",52
"MASS SPECTROMETRY IMAGING",2
"MASS SPECTROMETRY METHODS",1
"MASS SPECTRUM",1
"MATERIALS",1
"MATERIALS SCIENCE",1
"MATRIX EFFECT",1
"MATRIX EFFECTS",5
"MATRIX SWELLING",1
"MATRIX TABLETS",2
"MAXQ-NMR",1
"MCLAFFERTY REARRANGEMENT",2
"MCR-ALS",1
"MDA",1
"MDMA",20
"MDMA CRYSTALS",1
"MDMA METHYLENE HOMOLOG",1
"MDMB",1
"MDMB-CHMICA",1
"MDMB-CHMINACA",1
"MDMC",1
"MDMCATH",1
"MDPV",3
"MDPV ENANTIOMER",1
"MEAT",3
"MECHANICAL DIGESTION",1
"MECHANICAL PROPERTIES",1
"MECHANISM",1
"MECONIUM",1
"MEDETOMIDINE",1
"MEDICAL CANNABIS",3
"MEDICAL LEGISLATION",1
"MEDICAL MARIJUANA",2
"MEDICAL MARIJUANA LAWS",1
"MEDICATION ASSISTED TREATMENT",1
"MEDICATION SAFETY",1
"MEDICATION TAKE BACK PROGRAMS",1
"MEDICATION WASTE",1
"MEDICATIONS FOR ADDICTION TREATMENT",1
"MEDICINAL CANNABIS",2
"MEDICINAL CHEMISTRY",1
"MEDICINAL MARIJUANA",1
"MEDICINAL PLANT",3
"MEDICINAL PLANT RESEARCH",1
"MEDICINAL USES",1
"MEDICINE",1
"MEFENAMIC ACID",1
"MEFENTANYL",1
"MELTING CURVE ANALYSIS",1
"MEMBRANE PERMEABILITY",1
"MENTHOL",1
"MENTHONE-THIOSEMICARBAZONE",1
"MEPHEDRONE",4
"MEPS",2
"MERCURY",1
"MESCALINE",1
"MESOPOROUS SILICA NANOPARTICLES",1
"METABOLIC ENGINEERING",2
"METABOLISM",10
"METABOLITE",5
"METABOLITE IDENTIFICATION",1
"METABOLITE PROFILING",1
"METABOLOMIC FINGERPRINT",1
"METABOLOMICS",5
"METAL",1
"METAL COMPLEXES",1
"METAL ORGANIC FRAMEWORK (MOF)",1
"METALLOCARBORANES",1
"METAMPHETAMINE",2
"METAPHEDRONE",1
"METATHESIS",1
"METH/AMPHETAMINE",1
"METHADONE",4
"METHADONE MAINTENANCE TREATMENT (MMT)",1
"METHAMPHETAMINE",36
"METHAMPHETAMINE DETECTION",1
"METHAMPHETAMINE IMPURITY PROFILING",1
"METHAMPHETAMINE MANUFACTURE",1
"METHAMPHETAMINE TABLET",1
"METHCATHINONE",1
"METHCATHINONE (EPHEDRONE)",1
"METHOD OF SPECTRAL DYNAMICS ANALYSIS",1
"METHOD OPTIMIZATION",1
"METHOD VALIDATION",8
"METHOD VALIDATION AND QUALITY CONTROL",1
"METHODOLOGY",5
"METHOXETAMINE",5
"METHOXMETAMINE",1
"METHOXPHENIDINE",1
"METHOXYPHENIDINE",1
"METHYL 2-[1-(4-FLUOROBENZYL)-1H-INDAZOLE-3-CARBOXAMIDO]-3,3-DIMETHYLBUTANOATE",1
"METHYLAMPHETAMINE",5
"METHYLATION",1
"METHYLENE BLUE",1
"METHYLENEDIOXYMETHCATHINONE",1
"METHYLETHCATHINONE (MEC)",1
"METHYLHEXANEAMINE",1
"METHYLMETHCATHINONE (MMC)",1
"METHYLONE",2
"METHYLTESTOSTERONE",1
"METROLOGY",1
"MEXEDRONE",2
"MEXICO",1
"MGO/SWCNTS NANOCOMPOSITE",1
"MICELLAR ELECTROKINETIC CHROMATOGRAPHY",3
"MICELLE–CLAY COMPLEX",1
"MICRO-ELECTROMEMBRANE EXTRACTION",1
"MICRO-HPLC",1
"MICRO-SOLID PHASE EXTRACTION",1
"MICRO-SYSTEMS",1
"MICRO FLUIDIC PAPER-BASED ANALYTICAL DEVICE (E<U+039C>PAD)",1
"MICRO ION-SELECTIVE ELECTRODE (µISE)",1
"MICRO/NANO-LIQUID CHROMATOGRAPHY",1
"MICROBIAL DEGRADATION",1
"MICROBIAL SYNTHESIS",1
"MICROCAPILLARY FILM PHOTOREACTOR",1
"MICRODIALYSIS-HPLC METHOD",1
"MICROEMULSION/IN VITRO RELEASE",1
"MICROEMULSION/PHYSICOCHEMICAL CHARACTERIZATION",1
"MICROFLOW LC-MS/MS",1
"MICROFLUIDIC DEVICE",1
"MICROFLUIDICS",2
"MICROPOLLUTANTS",1
"MICROREACTORS",2
"MICROSATELLITE DNA",1
"MICROSCOPIC PROTONATION CONSTANT",1
"MICROWAVE",1
"MICROWAVE-ASSISTED EXTRACTION",4
"MIDAZOLAM",1
"MIDDLE MARKET",1
"MIGRANTS",1
"MILK",1
"MINERALIZATION",2
"MINIATURE ION TRAP MASS SPECTROMETER",1
"MIP-BASED MAGNETIC EXTRACTION",1
"MIRAA",1
"MISIDENTIFICATION",1
"MISLABELED DRUGS",1
"MISUSE",6
"MITOCHONDRIAL DNA (MTDNA)",1
"MITRAGYNA",1
"MITRAGYNA SPECIOSA",1
"MITRAGYNA SPECIOSA ALKALOID EXTRACT",1
"MITRAGYNA SPECIOSA STRAINS",1
"MITRAGYNINE",6
"MIXED-MODE FIBER",1
"MIXED-MODE SOLID-PHASE EXTRACTION",1
"MIXED-MODE STATIONARY PHASE",1
"MIXED-MODE STATIONARY PHASES",1
"MIXED EFFECTS MODELS",1
"MIXTURES",1
"MLSA",1
"MMXE",1
"MN-DOPED ZNS QUANTUM DOT",1
"MN@ CUS/ZNS-NCS-AC",1
"MOBILE DETECTION APPROACHES",2
"MODELLING",1
"MODERATE TO SEVERE PAIN",1
"MODIFIED ELECTROCHEMICAL SENSORS",1
"MODIFIED ELECTRODE",3
"MODIFIED ELECTRODES",2
"MODIFIED PAPER, DRUG",1
"MODIFIED QUECHERS",1
"MODIFIED SENSORS",1
"MOF",1
"MOLAR ABSORPTIVITY",1
"MOLECULAR-IMPRINTING",1
"MOLECULAR DOCKING",3
"MOLECULAR DOCKING NLO",1
"MOLECULAR DYNAMICS",1
"MOLECULAR IMPRINTED POLYMER",2
"MOLECULAR IMPRINTED POLYMERS",1
"MOLECULAR MARKERS",2
"MOLECULAR MODELLING",1
"MOLECULAR RECOGNITION",1
"MOLECULAR SPECTROSCOPY",1
"MOLECULAR STRUCTURE",1
"MOLECULARLY IMPRINTED POLYMER",12
"MOLECULARLY IMPRINTED POLYMERS",4
"MOLLY",2
"MOLLY USE",1
"MONEY BOYS",1
"MONITORING",2
"MONITORING SYSTEM",1
"MONOAMINE OXIDASE",1
"MONOAMINE TRANSPORTERS",2
"MONOAMINOXIDASE",1
"MONOCLONAL ANTIBODY",2
"MONOOXYGENASE",1
"MONOTERPENOID INDOLE ALKALOID",1
"MORPHINAN",2
"MORPHINANS",1
"MORPHINE",39
"MORPHINE-6-O-SULFATE",1
"MORPHINE ALKALOIDS",1
"MORPHINE BIOSYNTHESIS",1
"MORPHINE CONTENT",1
"MORPHINE SULPHATE PENTAHYDRATE",1
"MORPHINE/STABILITY/COMPATIBILITY",1
"MORTALITY",2
"MOST RECENT EPISODE",1
"MRM",2
"MS/MS",2
"MT-45",3
"MU-OPIOID RECEPTOR",1
"MUCOADHESION",1
"MULTI-ANALYTICAL APPROACH",1
"MULTI-BRANCHED GOLD NANOPARTICLES",1
"MULTI-DIMENSIONAL FINGERPRINTS",1
"MULTI-INDICATOR APPROACH",1
"MULTI-MILLIGRAM ENANTIORESOLUTION",1
"MULTI-RESIDUE ANALYSIS",1
"MULTI-WALLED CARBON NANOTUBES",1
"MULTICHANNEL CARBON NANOTUBES",1
"MULTICOMPONENT REACTION",1
"MULTIPLE DRUG ABUSE",1
"MULTIPLE MYELOMA",1
"MULTIPLE PULSE AMPEROMETRY (MPA)",1
"MULTIPLEX TEST",1
"MULTIVARIATE ANALYSIS (MVA)",2
"MULTIVARIATE CURVE RESOLUTION",3
"MULTIVARIATE IMAGING ANALYSIS",1
"MULTIVARIATE REGRESSION",1
"MULTIVARIATE STATISTICAL ANALYSES",2
"MUNICH",1
"MUNICIPAL WASTEWATER",1
"MUSCLE",1
"MUSHROOMS",1
"MUSIC FESTIVAL",1
"MWCNTS",1
"MYCOTOXIN",2
"MYCOTOXINS",1
"MYRISTICA FRAGRANS",1
"MYRISTICIN",1
"N",1
"N-ACETYLATION",1
"N-ALKANES",1
"N-BOMB",2
"N-DESMETHYLTRAMADOL",1
"N-DIMETHYLTRYPTAMINE",1
"N-FORMYL AMPHETAMINE",1
"N-METHAMPHETAMINE",1
"N-WAY PARTIAL LEAST SQUARES (N-PLS)",1
"N -DESMETHYL ZOPICLONE",1
"N,N-DIMETHYLTRYPTAMINE",1
"NACL CRYSTAL",1
"NALBUPHINE",2
"NALDI",1
"NALORPINE",1
"NALOXONE",2
"NALTREXONE",1
"NANDROLONE",1
"NANDROLONE DECANOATE",1
"NANO-HYBRIDS",1
"NANO GRAPHENE",1
"NANO LIQUID CHROMATOGRAPHY",1
"NANOBIOSENSOR",1
"NANOCLUSTERS",1
"NANOCOMPOSITE",3
"NANOCRYSTALLINE MATERIALS",1
"NANODIAMOND",1
"NANOFIBRE MAT",1
"NANOMIPS",1
"NANOPARTICLES",3
"NANOPORE",1
"NANOSENSOR",1
"NANOSTRUCTURE",1
"NANOTECHNOLOGY",2
"NAPHTHOFURAN",1
"NAPROXEN",1
"NARCEINE",1
"NARCOTICS",5
"NARCOTICS (HEROIN, MORPHINE, CODEINE, COCAINE, AND AMPHETAMINES)",1
"NARINGENIN",1
"NASAL ABUSE",1
"NATIONAL FORENSIC RAPID LABORATORY (AUSTRALIA)",1
"NATIONAL INSTITUTE OF FORENSIC SCIENCE",1
"NATIONAL PARKS",1
"NATIONAL SURVEY ON DRUG USE AND HEALTH",1
"NATIVE FLUORESCENCE",1
"NATURAL LANGUAGE PROCESSING",1
"NATURAL PRODUCTS",2
"NATURAL PRODUCTS POTENTIAL",1
"NATURAL WATER",1
"NATURAL WATERS",1
"NATURAL WEIGHT LOSS PILLS",1
"NATURE OF CHEMISTRY",1
"NAVIPPRO",2
"NBD-F",1
"NBOH",1
"NBOME",8
"NBOME SERIES",1
"NBOME(S)",1
"NEAR-INFRARED SPECTROMETRY",1
"NEAR INFRARED SPECTROSCOPY",2
"NEEDLE-EXCHANGE PROGRAMMES",1
"NEOECHINULIN A",1
"NEOMORPHINE",1
"NEOPINE",1
"NETHERLANDS",1
"NETWORK SCALE UP",1
"NEURODEGENERATION",1
"NEURODEGENERATIVE DISORDERS",1
"NEUROPHARMACOLOGY",1
"NEUROSCIENCE",1
"NEUROTRANSMITTER",2
"NEUROTRANSMITTER TRANSPORTER",1
"NEUTRAL LOSS SCAN",1
"NEW 25-NBOME-TYPE DESIGNER DRUGS",1
"NEW CATHINONE DERIVATIVES",1
"NEW DIETARY INGREDIENT",1
"NEW DRUGS",1
"NEW PSYCHOACTIVE SUBSTANCE",15
"NEW PSYCHOACTIVE SUBSTANCE (NPS)",1
"NEW PSYCHOACTIVE SUBSTANCES",81
"NEW PSYCHOACTIVE SUBSTANCES (NPS)",7
"NEW PSYCHOTROPIC SUBSTANCE (NPS)",1
"NEW SYNTHETIC CATHINONES",1
"NEW SYNTHETIC DRUGS",1
"NEW TADALAFIL ANALOG",1
"NEW ZEALAND",2
"NI-CATALYZED CARBOXYLATION",1
"NICOTINAMIDE",1
"NICOTINE",1
"NIFS",1
"NIGHTCLUB AND FESTIVAL ATTENDEES",1
"NIO-SWCNTS",1
"NIR",1
"NIR HYPERSPECTRAL IMAGING",1
"NIR SPECTROSCOPY",1
"NIST SRM-2585 HOUSE DUST STANDARD REFERENCE MATERIAL",1
"NIST SRM 1570A SPINACH",1
"NITRIC OXIDE",1
"NITROCELLULOSE MEMBRANE",1
"NITROGEN-DOPING",1
"NKTR-181",1
"NLC-MS/MS",1
"NMDA RECEPTOR",1
"NMDA RECEPTORS",2
"NMR",23
"NMR APPLICATION",1
"NMR SPECTROSCOPY",5
"NNL-1",1
"NNL-2",1
"NO INHIBITION",1
"NO3-",1
"NOISY THZ PULSE",1
"NON-ALCOHOLIC DRINK",1
"NON-CANNABINOIDS",1
"NON-EFFERVESCENT",1
"NON-INTENDED DEATH",1
"NON-MEDICAL USE",1
"NON-METABOLIZABLE POLYMER",1
"NON-OPIOIDS",1
"NON-TARGETING QUICK SCREENING",1
"NONAQUEOUS CAPILLARY ELECTROPHORESIS",1
"NONMEDICAL USE",1
"NONMEDICAL USE OF PRESCRIPTION DRUGS",1
"NONTARGETED ANALYSIS",1
"NOOTROPIC",1
"NORDIC COUNTRIES",1
"NORDIHYDROGUAIARETIC ACID",1
"NOREPHEDRINE",2
"NORKETAMINE",1
"NORMALIZATION ALGORITHM",1
"NORORIPAVINE SYNTHESIS",1
"NOSCAPINE",1
"NOVEL CATHINONE DERIVATIVE",1
"NOVEL PSYCHOACTIVE DRUGS (NPDS)",1
"NOVEL PSYCHOACTIVE SUBSTANCE",5
"NOVEL PSYCHOACTIVE SUBSTANCE(S)",1
"NOVEL PSYCHOACTIVE SUBSTANCES",14
"NOVEL SYNTHETIC OPIOIDS",1
"NPS",20
"NSAIDS",1
"NSD",1
"NUCIFERINE",1
"NUCLEAR MAGNETIC RESONANCE",6
"NUCLEAR MAGNETIC RESONANCE SPECTROSCOPY",2
"NUCLEOTIDE SEQUENCE",1
"NUTMEG",1
"NUTRACEUTICALS",1
"O-ACETYLPSILOCIN",1
"O-DEMETHYLATION",1
"O-DESMETHYLTRAMADOL",1
"O-TRANSAMINASE",1
"OBESITY",1
"OBJECT DETECTION",1
"OCCUPATIONAL HAZARDS",1
"OCCUPATIONAL HEALTH AND SAFETY",2
"OCCUPATIONAL HEALTH PSYCHOLOGY",1
"OCCUPATIONAL HYGIENE",1
"OCCURRENCE",3
"OCFENTANIL",2
"ODOR",1
"OESTRADIOL",1
"OHIO",1
"OHMEFENTANYL",1
"OIL-BASED INJECTABLES",1
"OIL CAKES",1
"OILSEED",1
"OLOPATADINE",1
"OMETHYLTRANSFERASE",1
"ON-LINE CONCENTRATION",1
"ON-LINE MEASUREMENT",1
"ON-LINE SOLID PHASE EXTRACTION",1
"ON-LINE TLC/MS",1
"ON-SITE ANALYSIS",1
"ON-SITE MASS SPECTROMETRY",1
"ON-SITE SCREENING",1
"ON-SITE TEST",1
"ON-SITE TESTING",1
"ONCE DAILY",1
"ONLINE COMMUNITIES",1
"ONLINE COMMUNITY",1
"ONLINE CONCENTRATION",1
"ONLINE DETECTION",1
"ONLINE DRUG RESOURCES",1
"ONLINE FORA",1
"ONLINE ILLICIT DRUG SALES",1
"ONLINE INFORMATION",1
"ONLINE MARKETS",1
"ONLINE MEDICINES",1
"ONLINE PHARMACIES",2
"ONLINE PURCHASING",1
"ONLINE SHOPS",1
"ONLINE SOLID PHASE EXTRACTION",1
"ONLINE SPE",2
"OPIATE ALKALOID BIOSYNTHESIS",1
"OPIATE AND DERIVATIVES",4
"OPIATE PAIN RELIEF DRUGS",1
"OPIATE USE",2
"OPINION MINING",1
"OPIOD AND DERIVATIVES",50
"OPIOID-RECEPTORS",1
"OPIOID ABUSE",3
"OPIOID ADDICTION",1
"OPIOID ANALGESIC",1
"OPIOID ANALGESICS",5
"OPIOID ANTAGONISTS",1
"OPIOID CRISIS",1
"OPIOID DEPENDENCE",2
"OPIOID INDUCED CONSTIPATION",1
"OPIOID INTOXICATION",1
"OPIOID MAINTENANCE TREATMENT",1
"OPIOID OVERDOSE",1
"OPIOID POISONING",1
"OPIOID PRICES",1
"OPIOID RECEPTORS",1
"OPIOID SUBSTITUTION THERAPY",1
"OPIOID TOXIDROME",1
"OPIUM ALKALOID",1
"OPIUM ALKALOIDS",2
"OPIUM TINCTURE",1
"OPTICAL SENSOR",1
"OPTIMIZATION",1
"OPTOELECTRONICS",1
"ORAL FLUID",2
"ORAL FLUIDS",1
"ORAL INGESTION",1
"ORAL MORPHINE EQUIVALENTS",1
"ORAL ROUTE",1
"ORAL SPRAY",1
"ORALLY DISPERSIBLE TABLETS",1
"ORBITRAP",5
"ORBITRAP-MS",1
"ORGANIC FIELD-EFFECT TRANSISTORS",1
"ORGANIC FOOD",1
"ORGANIZED CRIME",1
"ORGANOELECTRONICS",1
"ORIGIN",1
"OROS",1
"OSIAP MONITORING PROGRAM",1
"OTHER",1
"OUTCOME MEASURE: BEHAVIORAL",1
"OVER-EXPRESSION",1
"OVER-THE-COUNTER",1
"OVERDOSE",9
"OVERPRESCRIBING",1
"OXIDATION",1
"OXYCODONE",10
"OXYCODONE-NALOXONE",1
"OXYCODONE CR",1
"OXYCODONE DETERX",1
"OXYCONTIN",2
"OXYTONA",1
"P-DIMETHYLAMINOBENZALDEHYDE",1
"P-SULFONATED CALIX[6]ARENE",1
"P. BRACTEATUM",1
"P. ORIENTALE",1
"P. PSEUDO-ORIENTALE",1
"P2P",1
"P7AICA",1
"PACKAGING",1
"PAIN",6
"PAIN-KILLERS",1
"PAIN MANAGEMENT",2
"PAIN MEDICINE",1
"PAIN RELIEF",1
"PAIN TREATMENT",1
"PAIN, POSTOPERATIVE",1
"PALLADIUM CATALYST",1
"PALLADIUM SHELL",1
"PALLIATIVE CARE",1
"PALLIATIVE MEDICINE",1
"PALMITIC ACID",1
"PALYNOLOGY",1
"PANICLE STEM LENGTH",1
"PAPAVER NUDICAULE",1
"PAPAVER RHOEAS",2
"PAPAVER SOMNIFERUM",6
"PAPAVERINE",2
"PAPER-STRIP ASSAY",1
"PAPER SPRAY",1
"PAPER SPRAY IONIZATION",2
"PAPER SPRAY MASS SPECTROMETRY",1
"PARA-METHYL-4-METHYLAMINOREX",1
"PARABENS",1
"PARACETAMOL",9
"PARALLEL ARTIFICIAL LIQUID MEMBRANE EXTRACTION",1
"PARTIAL FILLING",1
"PARTIAL FILLING MICELLAR ELECTROKINETIC CHROMATOGRAPHY",1
"PARTIAL LEAST SQUARES",2
"PARTIAL LEAST SQUARES- LEAST SQUARES- SUPPORT VECTOR MACHINES",1
"PARTIAL LEAST SQUARES-DISCRIMINANT ANALYSIS (PLS-DA)",1
"PARTIAL LEAST SQUARES - DISCRIMINANT ANALYSIS (PLS-DA)",1
"PARTIAL LEAST SQUARES DISCRIMINANT ANALYSIS",1
"PARTIAL LEAST SQUARES REGRESSION",1
"PARTIAL ONSET SEIZURES",1
"PARTITION COEFFICIENTS",1
"PARTY DRUGS",1
"PATH ANALYSIS",1
"PATTERN RECOGNITION ALGORITHMS",1
"PAUSON–KHAND REACTION",1
"PAW-PRESSURE TEST",1
"PCP",2
"PCR AMPLIFICATION ABILITY",1
"PDC",1
"PDE-5 ANALOGUES",1
"PDE-5 INHIBITORS",2
"PDE-5I",1
"PEARSON'S DISTANCE",1
"PEDIATRICS",1
"PEER REVIEW",1
"PEG-RHGH",1
"PEGANINE (VASICINE)",1
"PEGANUM HARMALA",4
"PEGANUM HARMALA L.",1
"PEGYLATION SITE",1
"PELLAEA TERNIFOLIA",1
"PENCIL GRAPHITE ELECTRODE",3
"PENICILLIUM COMMUNE",1
"PENTAFLUOROPHENYLPROPYL STATIONARY PHASE",1
"PENTEDRONE",1
"PENTOBARBITAL",2
"PEPPER",1
"PEPTIDE",1
"PEPTIDES",1
"PERFLUOROACYLATION",1
"PERFLUOROHEPTANOIC ACID",1
"PERFORMANCE",1
"PERFORMANCE ENHANCING DRUGS",1
"PERFUME",1
"PERIODIC TABLE",1
"PERIWINKLE",1
"PERYLENE BISIMIDE",1
"PESTICIDE RESIDUES",1
"PESTICIDES",3
"PETHIDINE",1
"PETITE MUTANTS",1
"PEYOTE",1
"PEYOTE CACTUS",1
"PGP KEY",1
"PH GRADIENT CHROMATOGRAPHY",1
"PHALLOTOXIN",1
"PHARMACEUTICAL ANALYSIS",4
"PHARMACEUTICAL DOSAGE FORMS",1
"PHARMACEUTICAL DRUGS",1
"PHARMACEUTICAL FORMULATION",2
"PHARMACEUTICAL IMPURITY",1
"PHARMACEUTICAL PREPARATION",1
"PHARMACEUTICAL PREPARATIONS",1
"PHARMACEUTICAL SAMPLES",1
"PHARMACEUTICAL TABLET",1
"PHARMACEUTICALS",16
"PHARMACEUTICALS AND PERSONAL CARE PRODUCTS",1
"PHARMACODYNAMICS",4
"PHARMACOEPIDEMIOLOGY",7
"PHARMACOGNOSY",2
"PHARMACOKINET",1
"PHARMACOKINETIC",1
"PHARMACOKINETICS",10
"PHARMACOLOGICAL FORMULATION",1
"PHARMACOLOGICAL PROFILING",1
"PHARMACOLOGY",7
"PHARMACOLOGY AND TOXICOLOGY",2
"PHARMACOVIGILANCE",1
"PHASE II METABOLITES",1
"PHENACETIN",1
"PHENCYCLIDINE",6
"PHENETHYLAMINE",3
"PHENETHYLAMINE DERIVATIVES",1
"PHENETHYLAMINES",6
"PHENIBUT",1
"PHENMETRAZINE",2
"PHENOBARBITAL",6
"PHENOBARBITAL/MICROEMULSION SYSTEM/EVALUATION",1
"PHENOLIC PROFILE/BIOACTIVITIES",1
"PHENOLOGY",1
"PHENOLS",3
"PHENOTHIAZINE",5
"PHENOTHIAZINE DRUGS",1
"PHENOTHIAZINES",4
"PHENOXAZINE",1
"PHENYLACETIC ACID",1
"PHENYLACETYLCARBINOL",3
"PHENYLETHYLAMINE",1
"PHENYLETHYLAMINE DERIVATIVES",1
"PHENYLETHYLAMINES",1
"PHENYTOIN",3
"PHOSPHATE BUFFER",1
"PHOSPHODIESTERASE-5",2
"PHOSPHODIESTERASE-5 INHIBITORS",3
"PHOSPHODIESTERASE TYPE-5 (PDE-5) INHIBITORS",1
"PHOSPHODIESTERASE TYPE 5 ENZYME INHIBITORS",1
"PHOSPHODIESTERASE TYPE 5(PDE-5)",1
"PHOSPHORUS",1
"PHOSPHORYLATION",1
"PHOTO-ELECTROCHEMICAL",1
"PHOTOCHEMISTRY",1
"PHOTODIODE ARRAY",1
"PHOTODIODE ARRAY DETECTION",1
"PHOTOELECTROCHEMICAL SENSOR",1
"PHOTOELECTROCHEMISTRY",1
"PHOTOIONIZATION",1
"PHOTONIC CRYSTALS",1
"PHOTONIC FILMS",1
"PHYLOGENETIC ANALYSIS",1
"PHYLOGENY",2
"PHYSICAL CHARACTERISTIC",1
"PHYSICAL MANIPULATION",1
"PHYSICAL SAFETY",1
"PHYSICO-CHEMISTRY",1
"PHYSICOCHEMICAL INTERACTIONS",1
"PHYTOCANNABINOIDS",2
"PHYTOCHEMISTRY",3
"PIG TISSUES",1
"PIG URINE",1
"PIGMENT",1
"PILL MILL LAW",1
"PILL REPORTS",1
"PILL TESTING",1
"PINACA",2
"PIPER",1
"PIPER BETLE",1
"PIPERACEAE",1
"PIPERAZINE",5
"PIPERAZINES",2
"PIPERIDINE",2
"PLACKETT-BURMAN DESIGN",1
"PLACKETT–BURMAN",1
"PLANAR CHROMATOGRAPHY",1
"PLANT-BASED DRUGS",1
"PLANT-BASED DRUGS OF ABUSE",2
"PLANT CANNABINOIDS",1
"PLANT FOOD SUPPLEMENTS",2
"PLANT GROWTH REGULATORS",1
"PLANT HORMONES",1
"PLANT MATERIAL",1
"PLANT METABOLOMICS",1
"PLANT TISSUE CULTURE",1
"PLANTS",1
"PLASMA",5
"PLASMA CONCENTRATIONS",1
"PLASMA SAMPLES",3
"PLASTICIZER",1
"PLATINUM-CATALYSED",3
"PLATINUM NANOPARTICLES",2
"PLS",1
"PLS-DA",1
"PLS REGRESSION",1
"PM10",1
"PMCT",1
"POINT-OF-CARE",1
"POINT-OF-CARE DIAGNOSTICS",1
"POINT-OF-CARE TESTING",1
"POINT-OF CARE",1
"POISON CENTER",1
"POISON CONTROL",1
"POISONING",2
"POISONS CENTRES",1
"POLAR ORGANIC CHEMICAL INTEGRATIVE SAMPLER",1
"POLAR STIMULANTS",1
"POLICE",2
"POLICIES",1
"POLICING",1
"POLICY",5
"POLICY ANALYSIS",2
"POLICY IMPACT",1
"POLLUTION",1
"POLONOVSKI REACTION",1
"POLY(MIMEOBS)-NI NANOCOMPOSITE",1
"POLY(PYRROLE)S",1
"POLYACRYLONITRILE NANOFIBER",1
"POLYCAPROLCATONE",1
"POLYCLONAL ANTIBODIES",1
"POLYCYSTIC OVARIAN SYNDROME",1
"POLYDIMETHYLSILOXANE",1
"POLYDRUG ABUSE",1
"POLYDRUG USE",3
"POLYETHYLENE GLYCOL",1
"POLYETHYLENE OXIDE",1
"POLYMER",1
"POLYMERASE CHAIN REACTION (PCR)",4
"POLYMERIC IONIC LIQUIDS",1
"POLYMORPHISM",1
"POLYPHENOL",1
"POLYPHENOLS",1
"POLYPYRROLE",1
"POLYSACCHARIDE-BASED STATIONARY PHASE",1
"POLYSUBSTANCE USE",1
"POLYTYRAMINE",1
"POLYUNSATURATED FATTY ACIDS",1
"POLYVINYL ALCOHOL",1
"POOLED URINE ANALYSIS",1
"POPPER",1
"POPPY",2
"POPPY SEED TEA",1
"POPPY SEEDS",1
"POPULATION GENETIC STRUCTURE",1
"POPULATION HARM",1
"POPULATION STRUCTURE",1
"POPULATION SURVEY",1
"PORCINE MUSCLE",1
"PORK",1
"PORK MUSCLE",1
"POROUS GRAPHENE",1
"PORPHYROXINE",1
"PORTABLE ANALYTICAL PLATFORMS",1
"PORTABLE MASS SPECTROMETER",1
"PORTABLE RAMAN SPECTROSCOPY",1
"PORTABLE SPECTROMETERS",1
"PORTABLE SYSTEM",2
"POSITION ISOMERS",1
"POSITIONAL ISOMER",1
"POSITIONAL ISOMERS",2
"POST-MORTEM TOXICOLOGY",1
"POST-TARGETED ANALYSIS",1
"POST BLAST RESIDUE DETECTION",1
"POSTGRADUATE STUDENTS",1
"POSTMARKETING SURVEILLANCE SYSTEM",1
"POSTMORTEM BLOOD CONCENTRATIONS",1
"POTASSIUM PERMANGANATE",1
"POTENCY",3
"POTENT PHARMACEUTICAL PREPARATIONS",1
"POTENTIOMETRIC SENSOR",2
"POTENTIOMETRY",3
"POWER",1
"PPA(N)-2201",1
"PRE-COLUMN DERIVATIZATION",1
"PRE-CONCENTRATION",1
"PRE-PRECURSOR",1
"PRECONCENTRATION",1
"PRECONCENTRATION OF MORPHINE AND CODEINE",1
"PRECURSOR CHEMICALS",2
"PRECURSOR ION SCAN",1
"PREDATORY DRUGS",1
"PREDICTIVE APPROACH",1
"PREFERENTIAL SOLVATION",2
"PREGABALIN",14
"PREPARATIVE ENANTIOSEPARATION",1
"PREPARATIVE HPLC",1
"PRESCRIBING DRUGS’ ABUSE",1
"PRESCRIPTION ABUSE",1
"PRESCRIPTION DRUG",1
"PRESCRIPTION DRUG ABUSE",2
"PRESCRIPTION DRUG MISUSE",1
"PRESCRIPTION DRUG MONITORING",1
"PRESCRIPTION DRUGS",2
"PRESCRIPTION MEDICATION USE",1
"PRESCRIPTION MISUSE",1
"PRESCRIPTION OPIOID ABUSE",2
"PRESCRIPTION OPIOID ANALGESIC",1
"PRESCRIPTION OPIOID OVERDOSE",1
"PRESCRIPTION OPIOIDS",3
"PRESCRIPTION PAIN MEDICATION",1
"PRESUMPTIVE IDENTIFICATION",2
"PRETREATMENT-FREE",1
"PREVALENCE",4
"PRICE",2
"PRICES",2
"PRINCIPAL COMPONENT ANALYSIS (PCA)",9
"PRIOR AUTHORIZATION",1
"PRIOR PROBABILITY SHIFT",1
"PRISON",2
"PRO- AND ANTIOXIDANT ACTIVITY (LPO, NO2 -, TOTAL SOD, AND CAT)",1
"PRO-LONGED RELEASE",1
"PROACTIVE",1
"PROAPORPHINE HETERODIMERS",1
"PROBLEM-ORIENTED APPROACH",1
"PROBLEM SOLVING",1
"PROCAINE",1
"PROCEDURAL JUSTICE",1
"PROCESS-RELATED IMPURITIES",1
"PROCESSED SAMPLES",1
"PROCESSING",1
"PRODUCTION",1
"PROFICIENCY TESTING",1
"PROFILING",8
"PROFILING ANALYSIS",1
"PROGESTERONE",2
"PROGESTOGENS",2
"PROHIBITION",2
"PROPENSITY SCORE",1
"PROPER ENRICHMENT",1
"PROPOFOL",2
"PROPOFOL LONG-TERM MONITORING",1
"PROSOLV®",1
"PROSPECTIVE MONITORING",1
"PROTEIN PRECIPITATION",1
"PROTEINS",1
"PROTOALKALOIDS",1
"PROXIMAL SENSING",1
"PS-MS",1
"PS9",1
"PSEUDOEPHEDRINE",3
"PSILOCIN",3
"PSILOCYBE",2
"PSILOCYBE CUBENSIS",1
"PSILOCYBE MERDARIA",1
"PSILOCYBIN",6
"PSYCHEDELIC",3
"PSYCHEDELIC DRUG USE",1
"PSYCHEDELIC FUNGUS",1
"PSYCHEDELICS",3
"PSYCHOACTIVE",1
"PSYCHOACTIVE COMPOUNDS",1
"PSYCHOACTIVE DRUG",1
"PSYCHOACTIVE DRUG MARKETING",1
"PSYCHOACTIVE DRUGS",3
"PSYCHOACTIVE HERBAL PRODUCTS",1
"PSYCHOACTIVE PHARMACEUTICALS",2
"PSYCHOACTIVE SUBSTANCES",4
"PSYCHOACTIVE SUBSTANCES ACT, 2016",1
"PSYCHOACTIVITY",1
"PSYCHOLOGICAL",1
"PSYCHONAUTS",1
"PSYCHOPHARMACOLOGY",1
"PSYCHOSIS",1
"PSYCHOSTIMULANT CONSUMERS",1
"PSYCHOSTIMULANT USE",1
"PSYCHOSTIMULANTS",5
"PSYCHOTRIA VIRIDIS",1
"PSYCHOTROPIC DRUGS",4
"PSYCHOTROPIC ILLICIT DRUGS",1
"PSYCHOTROPIC PHARMACEUTICALS",1
"PSYCHOTROPIC SUBSTANCES (PSS)",1
"PT NANOPARTICLES",1
"PUBLIC HEALTH",3
"PUBLIC POLICY",2
"PUBLIC UNDERSTANDING/OUTREACH",1
"PULMONARY VASCULITIS",1
"PULSE POTENTIOSTATIC METHOD",1
"PULSE REGIME",1
"PURIFICATION",1
"PURITY",4
"PURITY ASSIGNMENT",1
"PYRAZOLAM",1
"PYRAZOLE",1
"PYRAZOLE-CARBOXAMIDE DERIVATIVES",1
"PYREXIA",1
"PYRIDAZINE",1
"PYRIDOXAL 5'-PHOSPHATE",1
"PYRIMIDINE",1
"PYROLYSIS",2
"PYROLYTIC PRODUCTS",1
"PYROVALERONE CATHINONES",1
"PYRROLIDINE-TYPE CATHINONES",1
"PYRROLIDINYL SUBSTITUTED CATHINONES",1
"PYRROLIZIDINE ALKALOIDS",2
"PYRUVATE DECARBOXYLASE",1
"Q-TOF MS",1
"Q-TRAP",1
"QAT",1
"QNMR",1
"QQQ",1
"QUADRUPOLE TIME-OF-FLIGHT TANDEM MASS SPECTROMETRY",1
"QUALIFY AND QUANTIFY",1
"QUALITATION",1
"QUALITATIVE ANALYSIS",1
"QUALITATIVE AND QUANTITATIVE ANALYSIS",1
"QUALITATIVE METHODS",1
"QUALITATIVE RESEARCH",2
"QUALITY",2
"QUALITY-OF-LIFE",1
"QUALITY CONTROL",4
"QUANTIFICATION",6
"QUANTITATION",5
"QUANTITATIVE",1
"QUANTITATIVE ANALYSIS",3
"QUANTITATIVE DETERMINATION",2
"QUANTITATIVE DETERMINATION OF TESTOSTERONE",1
"QUANTITATIVE NMR",3
"QUANTITATIVE STRUCTURE-ACTIVITY RELATIONSHIP",1
"QUANTUM DOTS",1
"QUARTZ CRYSTAL MICROBALANCE",1
"QUECHERS",5
"QUEENSLAND",1
"QUETIAPINE",1
"QUETIAPINE METABOLITES",1
"QUINAZOLINONE",1
"QUINOLIZIDINE",1
"R-/S-AMPHETAMINE",1
"RACIAL DISCRIMINATION",1
"RADARS SYSTEM",1
"RADIANT™ GREEN",1
"RADICAL COUPLING",1
"RADICAL CYCLIZATION",1
"RADIOACTIVE ISOTOPES",1
"RAFFINOSE FAMILY OLIGOSACCHARIDES",1
"RAMAN",14
"RAMAN ANALYSIS",1
"RAMAN SPECTROSCOPY",5
"RAPID DETECTION",2
"RAPID DETECTION BY DART–TOF-MS",1
"RAPID DRUG SCREENING",1
"RAPID SCREENING",1
"RAPID SCREENINGS",1
"RAT",1
"RAT PLASMA",1
"RATIONAL CHOICE THEORY",1
"RAW MILK",1
"RBCL GENE",1
"RBCL LOCUS",1
"RCS-4",1
"RDF",1
"REACTION INTERMEDIATES",1
"REACTION MECHANISM",1
"REACTIVE MATRIX",1
"REACTIVITY",1
"REAGENT STORAGE",1
"REAL-TIME",1
"REAL EXPOSURE",1
"REAL SAMPLES",1
"REARRANGEMENT",1
"RECEIVER OPERATING CHARACTERISTIC",1
"RECENT TREND OF ABUSE",1
"RECEPTOR",1
"RECREATIONAL SUBSTANCE USE",1
"RECREATIONAL USE",1
"REDOX MECHANISM",1
"REDUCED GRAPHENE OXIDE",1
"REDUCTIVE AMINATION",1
"REDUCTIVE ELIMINATION",1
"REFERENCE POPULATION",2
"REFLECTED AND TRANSMITTED THZ PULSE",1
"REGIOISOMER",2
"REGIOISOMER DIFFERENTIATION",2
"REGIOISOMERIC DIFFERENTIATION",1
"REGIOISOMERIC METHOXYPHENIDINES",1
"REGIOISOMERS",4
"REGIONAL VARIATION",1
"REGULATION",3
"REGULATIONS",1
"REGULATORY STATUS",1
"REMOTE SENSING",1
"REMOVAL",1
"REPRODUCIBILITY",1
"RESEARCH CHEMICAL",1
"RESEARCH ETHICS",1
"RESEARCH PURPOSE: DESCRIPTIVE",1
"RESIDUAL SOLVENTS",1
"RESIDUE",3
"RESIDUE ANALYSIS",1
"RESIDUE LEVEL",1
"RESIDUES",1
"RESISTANT DEPRESSION",1
"RESPIRATORY ARREST",1
"RESPIRATORY SUPPORT",1
"RESPONDENT DRIVEN SAMPLING",1
"RESPONSE SURFACE METHODOLOGY",4
"RESTRICTION POLICIES",1
"RETENTION MECHANISMS",1
"RETRO-ENE",1
"RETROSPECTIVE ANALYSIS",2
"RETROSPECTIVE PREVALENCE",1
"REVERSED-PHASE DISPERSIVE LIQUID-LIQUID MICROEXTRACTION",1
"REVERSED-PHASE/STRONG ANION-EXCHANGE",1
"REVERSED PHASE HPLC",1
"REVIEW",3
"REWARD",1
"RHEUM PALMATUM",1
"RHODAMINE B",1
"RIBBONS",1
"RICIN",1
"RIO DE JANEIRO",1
"RISK ASSESSMENT",4
"RISK FACTOR",1
"RISK TAKING",1
"RISK TARIFF",1
"RISK/BENEFIT",1
"RISKS AND PRICES",1
"RIVER",1
"RIVER WATER",3
"RIVER WATER MONITORING",1
"RNA-SEQ",1
"ROADSIDE DRUG TESTING",1
"ROBUST DISSOLUTION",1
"ROBUSTNESS STUDY",1
"ROTAROD",1
"ROTATING DISK SORPTIVE EXTRACTION",1
"ROUTE OF ADMINISTRATION",2
"ROUTE SPECIFIC IMPURITIES",1
"RP-HPLC",2
"RP (IX)-C2 SUBGROUP",1
"RUBIACEAE",1
"RULES",1
"RUTHENIUM COMPLEXES",1
"RUTHENIUM TETROXIDE",1
"RUTIN",1
"RYE",2
"RYE PRODUCTS",1
"SACCHAROMYCES CEREVISIAE",2
"SAFE WORK PRACTICES",1
"SAFETY",2
"SAFETY TRAINING",1
"SAFROLE",1
"SALAT",1
"SALES CHANNELS",1
"SALIVA",4
"SALLE",1
"SALT STRESS",1
"SALTING-OUT ASSISTED LIQUID-LIQUID EXTRACTION",1
"SALTS",1
"SALVIA DIVINORUM",1
"SALVIA SPECIES",1
"SALVINORIN A",3
"SAMPLE-SAMPLE COMPARISON",1
"SAMPLE ENRICHMENT",1
"SAMPLE PREPARATION",5
"SAMPLE PRESERVATION",1
"SAMPLE SIZE CALCULATION",1
"SAMPLE TREATMENT",1
"SAMPLING",3
"SAR",1
"SBA-15 NANOCOMPOSITE",1
"SCANNING ELECTRON MICROSCOPY (SEM)",1
"SCELETIUM TORTUOSUM",1
"SCENT TRACING",1
"SCHEDULE II DRUGS",1
"SCHEELITE CAWO4",1
"SCHIFF BASE",2
"SCHIFF BASES",1
"SCHIZOPHRENIA",1
"SCHOOL STUDENTS",1
"SCIENCE EDUCATION",1
"SCOPING STUDIES",1
"SCOPOLAMINE",7
"SCOPOLAMINE HYDROBROMIDE",2
"SCOPOLIA TANGUTICA",2
"SCOPUS",1
"SCOTT TEST",1
"SCOULERINE",1
"SCREEN-PRINTED ELECTRODE",2
"SCREEN-PRINTED ELECTRODE.",1
"SCREENING",11
"SCREENING AND OPTIMIZATION",1
"SCXRD",1
"SDB-006",1
"SDS",1
"SEARCH DOGS",1
"SEARCH ENGINE",1
"SEAWATER",1
"SECONDARY METABOLISM",1
"SECONDARY METABOLITES",1
"SECONDHAND SMOKE",1
"SECULAR TRENDS",1
"SEDATION",1
"SEDATIVE-HYPNOTICS",1
"SEDIMENT",1
"SEDIMENT FINGERPRINTING",1
"SEDIMENT PROPERTIES",1
"SEDIMENT PROVENANCE",1
"SEDIMENT SOURCES",1
"SEED",1
"SEED AND STRAW YIELDS",1
"SEED EMBRYO",1
"SEEDS",3
"SEIZED COCAINE",2
"SEIZED DRUGS",2
"SEIZED HEROIN",1
"SEIZED MATERIAL",2
"SEIZED SAMPLES",1
"SEIZURE",3
"SEIZURE DATA",1
"SEIZURE SAMPLE",1
"SEIZURES",1
"SELECTIVE DETECTION",1
"SELECTIVE SEROTONIN REUPTAKE INHIBITORS",1
"SELECTIVITY RECOGNITION",1
"SELF-ASSEMBLY",2
"SEMICONDUCTORS",1
"SENIOR RESIDENCES",1
"SENSITIVE ASSAY",1
"SENSOR",15
"SENSORS AND ACTUATORS",1
"SENTIMENT ANALYSIS",1
"SEPARATION",2
"SEPARATION METHODS",1
"SEQUENTIAL INJECTION SOLIDIFIED FLOATING ORGANIC DROP",1
"SERIOUS GAMES",1
"SEROTONIN SYNDROME",1
"SERS",6
"SERS PLATFORM",1
"SERUM",1
"SET CONDITIONS",1
"SETTING: NATIONAL",1
"SEWAGE-BASED EPIDEMIOLOGY",2
"SEWAGE ANALYSIS",2
"SEWAGE EPIDEMIOLOGY",6
"SEWAGE FARM",1
"SEWAGE WATER",2
"SEWER EPIDEMIOLOGY",1
"SEWER POROSITY",1
"SEX CHROMOSOMES",1
"SH-SY5Y CELL LINE",1
"SHAPE-SPECIFIC SILVER NANOPARTICLES",1
"SHIELDING EFFECT",1
"SHORT TANDEM REPEAT (STR)",5
"SIBUTRAMINE",6
"SIBUTRAMINE ANALOGUE",1
"SIBUTRAMINE HYDROCHLORIDE",1
"SIDE EFFECT",1
"SIDE EFFECTS",3
"SIDE EFFECTS OF KETAMINE",1
"SIGMATROPIC REARRANGEMENT",1
"SIGNAL AMPLIFICATION",1
"SILDENAFIL",9
"SILDENAFIL CITRATE",4
"SILDENAFIL CITRATE (VIAGRA)",1
"SILENCING",1
"SILICA COATED GOLD NANORODS",1
"SILICA NANOPARTICLES",1
"SILVER COLLOID",2
"SILVER NANOPARTICLE",1
"SILVER NANOPARTICLES",4
"SILYLATION",1
"SIMCA",2
"SIMPLE SAMPLE PREPARATION",1
"SIMPLE SEQUENCE REPEATS",1
"SIMULATED GASTRIC AND INTESTINAL FLUIDS",1
"SIMULTANEOUS",1
"SIMULTANEOUS ANALYSIS",3
"SIMULTANEOUS DETERMINATION",2
"SINGLE-LABORATORY VALIDATION",1
"SINGLE ISOMER",1
"SINGLE NUCLEOTIDE POLYMORPHISM (SNP)",1
"SINGLE QUADRAPOLE MASS DETECTION",1
"SINGLE RUN",1
"SINGLE SHOT MULTIBOX DETECTOR (SSD)",1
"SINGLET OXYGEN",1
"SINOMENINE DERIVATIVES",1
"SINOMENIUM ACUTUM",1
"SINOMENIUM ACUTUM (THUMB.) REHD. ET WILS. MENISPERMACEAE",1
"SITE-SATURATION MUTAGENESIS",1
"SIZE ESTIMATION",1
"SLEEP INDUCERS",1
"SLIMMING AGENTS",1
"SLIMMING AIDS",1
"SLIMMING HERBAL PRODUCTS",1
"SLIMMING PRODUCTS",1
"SLIMMING SUPPLEMENT",1
"SLIMMING TEA",1
"SLUDGE",1
"SLUG-FLOW MICROEXTRACTION",1
"SMALL AMOUNTS OF DRUGS HAVING PSYCHOTROPIC ACTIVITIES",1
"SMALL MOLECULE",2
"SMALL MOLECULE-DNA INTERACTIONS",1
"SMART PHONE CAMERA",1
"SMARTPHONE-BASED INSTRUMENTATION",1
"SMARTPHONE SENSING",1
"SOCIAL MEDIA",7
"SOCIAL MEDIA, ALCOHOL, MARIJUANA, TWITTER, PREVENTION RESEARCH. MANUSCRIPT FORMAT: RESEARCH",1
"SOCIAL NETWORK ANALYSIS",1
"SOCIAL NETWORKING (ONLINE)",1
"SOCIAL NETWORKS",1
"SOCIAL SPAM",1
"SOCIOECONOMIC STATUS",1
"SODIUM ALGINATE",1
"SODIUM BARBITURATE",1
"SODIUM DEOXYCHOLATE",1
"SOFT DRINKS",1
"SOIL",1
"SOIL TESTING",1
"SOL-GEL",4
"SOL–GEL",1
"SOLANACEAE",4
"SOLANACEAES SEEDS",1
"SOLID-PHASE IMPRINTING",1
"SOLID-PHASE MICROEXTRACTION (SPME)",4
"SOLID-STATE CHARACTERIZATION",1
"SOLID-STATE SPECTROSCOPY",1
"SOLID DEPOSITION GC–IRD",1
"SOLID PHASE EXTRACTION (SPE)",15
"SOLID SENSORS",1
"SOLUBILITY",4
"SOLUTION THERMODYNAMICS",1
"SOLVENT ABUSE",1
"SOMALI",1
"SOMATIC EMBRYOGENESIS",1
"SOMATROPIN",1
"SOURCE",1
"SOURCE CODES",1
"SOURCES",1
"SOXHLET",1
"SPAIN",1
"SPARTEINE",1
"SPATIAL ANALYSIS",2
"SPATIOTEMPORAL CHANGES",1
"SPATIOTEMPORAL CLUSTER ANALYSIS",1
"SPD489",1
"SPE",1
"SPE/LC-(ESI)MS-MS",1
"SPECIALIST",1
"SPECIES IDENTIFICATION",1
"SPECIFICITY",1
"SPECTRAL DECONVOLUTION",1
"SPECTRO-ELECTROCHEMISTRY",1
"SPECTROFLUORIMETRIC",1
"SPECTROFLUORIMETRY",2
"SPECTROMETRY",4
"SPECTROSCOPY",5
"SPICE",7
"SPIKED HUMAN PLASMA",1
"SPIKING",2
"SPIN SYSTEM MODELING",1
"SPIRANS",1
"SPME-MS",1
"SPOROBOLUS POIRETII",1
"SPORTS",1
"SQUARE-WAVE VOLTAMMETRY",2
"SQUARE WAVE VOLTAMMETRY",1
"SS-RTP",1
"STABILITY",9
"STABILITY-INDICATING",3
"STABILITY-INDICATING ASSAY",1
"STABILITY-INDICATING METHOD",1
"STABILITY IN SLUDGE",1
"STABILITY INDICATING METHOD",1
"STABLE ISOTOPE",5
"STABLE ISOTOPE ANALYSIS",1
"STABLE ISOTOPE LABELING",1
"STABLE ISOTOPE RATIO",1
"STABLE ISOTOPE RATIOS",1
"STANDARD",1
"STANDARD REFERENCE DATA",1
"STATIC SURFACE CULTURE FERMENTATION",1
"STATISTICS",1
"STEM",1
"STEP THERAPY",1
"STEPHANIA YUNNANENSIS LO",1
"STEREOISOMERS",1
"STEREOSELECTIVE ADDITION",1
"STEREOSELECTIVE ANALYSIS",1
"STEREOSELECTIVE BIOREDUCTION",1
"STEREOSELECTIVE DEGRADATION",1
"STEREUMENE B",1
"STERILITY TEST",1
"STERN-VOLMER PLOT",1
"STEROID HORMONES",7
"STEROID METABOLISM",1
"STEROIDAL ESTROGENS",1
"STEROIDAL RING CONFORMATION",1
"STEROIDS",4
"STEROLS",1
"STIGMATISATION",1
"STIMULANT",4
"STIMULANT DRUGS",1
"STIMULANT PHENETHYLAMINE ALKALOIDS",1
"STIMULANT USE",1
"STIMULANTS",4
"STORAGE CONDITIONS",1
"STORAGE OF ODOR SAMPLES",1
"STRATEGY: BEHAVIOR CHANGE",1
"STREAMS",1
"STREET DRUGS ANALYSIS",1
"STREET SAMPLES",1
"STREETRX",1
"STRESS TESTING",1
"STRONG CATION EXCHANGE-HIGH PERFORMANCE LIQUID CHROMATOGRAPHY (SCX-HPLC)",1
"STRUCTURAL CHARACTERIZATION",1
"STRUCTURAL DIFFERENTIATION",1
"STRUCTURAL ELUCIDATION",1
"STRUCTURAL MODIFICATION",1
"STRUCTURAL RELATIONSHIPS",1
"STRUCTURE-ACTIVITY RELATIONSHIP",1
"STRUCTURE ELUCIDATION",3
"STRUCTURE IDENTIFICATION",1
"STUDY CHARACTERISTICS",1
"STUDY DESIGN: CONTENT ANALYSIS",1
"STYRENE-MALEIC ACID POLYMER",1
"SUBCUTANEOUS MEMBRANE",1
"SUBJECTIVE RATINGS",1
"SUBLINGUAL FILM",1
"SUBLINGUAL TABLETS",1
"SUBMARINE SEWAGE OUTFALL",1
"SUBSTANCE-RELATED DISORDERS",5
"SUBSTANCE ABUSE",21
"SUBSTANCE ABUSE DETECTION",3
"SUBSTANCE ABUSE TREATMENT",1
"SUBSTITUTED PHENETHYLAMINE DERIVATIVES",1
"SUBSTITUTED PHENYLETHYLAMINES",1
"SUBSTITUTED TRYPTAMINES",1
"SUBSTITUTION",1
"SUBTROPICAL ZONE",1
"SUDAN RED",1
"SUDDEN",1
"SUICIDAL RISK",1
"SUICIDE",1
"SULFATED <U+0392>-CYCLODEXTRIN",1
"SULFOCONJUGATES",1
"SULFONYLATION",1
"SUMMARY STATISTICS",1
"SUPERABSORBENT POLYMERS",1
"SUPERCRITICAL CO2 EXTRACTION",2
"SUPERCRITICAL FLUID",1
"SUPERCRITICAL FLUID CHROMATOGRAPHY",6
"SUPERCRITICAL FLUID EXTRACTION",1
"SUPPLEMENT",2
"SUPPLY-REDUCTION",1
"SUPPLY-SIDE",1
"SUPPLY AND DEMAND",1
"SUPPORT FOR DRUG POLICY REFORM",1
"SUPPORT VECTOR MACHINE (SVM)",2
"SUPPORT VECTOR MACHINES",2
"SUPRAMOLECULAR CHEMISTRY",2
"SUPRAMOLECULAR SOLVENTS",1
"SURFACE",1
"SURFACE-ENHANCED RAMAN SPECTROSCOPY (SERS)",1
"SURFACE-ENHANCED RAMAN SPECTROSCOPY (SERS) SPECTRO-ELECTROCHEMISTRY",1
"SURFACE COLOR",1
"SURFACE ENHANCED RAMAN SCATTERING",1
"SURFACE MODIFICATION",2
"SURFACE MOLECULARLY IMPRINTED POLYMERS",1
"SURFACE PLASMON RESONANCE",1
"SURFACE PLASMON RESONANCE (SPR)",1
"SURFACE WATER",7
"SURFACE WATERS",2
"SURFACE WEB",1
"SURVEILLANCE",2
"SURVEY",2
"SURVEYS",1
"SUSPECT SCREENING",1
"SUSTAINABILITY INNOVATION LEARNING",1
"SUSTAINABLE AND HEALTHY FOOD INGREDIENTS",1
"SWAB",1
"SWEDEN DRUG MARKET",1
"SWEEPING",1
"SWEET ORANGES",1
"SWELLABLE POLYMERS",1
"SWELLING",1
"SWGDRUG",1
"SWIMMING POOL WATER",1
"SWITCHABLE HYDROPHILICITY SOLVENT",2
"SYBR GREEN I",1
"SYBR® GREEN I",1
"SYMBOLIC BOUNDARIES",1
"SYMPATHOMIMETIC DRUGS",1
"SYMPTOMS",1
"SYNCHRONOUS FLUORESCENCE SPECTROSCOPY",1
"SYNEPHRINE",1
"SYNERGISTIC EFFECT",1
"SYNTHESIS",7
"SYNTHESIS WASTE ANALYSIS",1
"SYNTHETIC ADDITIVE",1
"SYNTHETIC ADULTERANT",1
"SYNTHETIC BIOLOGY",1
"SYNTHETIC CANNABIMIMETICS",1
"SYNTHETIC CANNABINOID",7
"SYNTHETIC CANNABINOIDS (SC)",1
"SYNTHETIC CATHINONE",6
"SYNTHETIC CATHINONE(S)",1
"SYNTHETIC CATHINONES",21
"SYNTHETIC DRUGS",4
"SYNTHETIC MARKER",1
"SYNTHETIC METHODS",3
"SYNTHETIC OPIOID, QUALITATIVE",1
"SYNTHETIC OPIOIDS",5
"SYNTHETICS",1
"SYNTHETICS DRUGS",1
"SYRINGE",1
"SYSTEMATIC REVIEW",1
"T-BOC-MDMA",1
"T-CELL SUPPRESSION",1
"T6ODM",1
"TABERNAEMONTANA ALBA",1
"TABERNAEMONTANA ARBOREA",1
"TABLET",2
"TABLET DOSAGE FORMS",1
"TABLETS",2
"TADALAFIL",6
"TADALAFIL (TAD)",1
"TADALAFIL ANALOGUES",1
"TADALAFIL DETERMINATION",1
"TADALAFIL DRUGS",1
"TADALAFIL ENANTIOMERS",1
"TAGETES",1
"TAIL IMMERSION TEST",1
"TAIWAN FDA",1
"TAMPER-RESISTANT",1
"TAMPER RESISTANCE",1
"TAMPER RESISTANT",1
"TAMPERING",3
"TANATODIAGNOSTICS",1
"TANDEM MASS SPECTROMETRY",8
"TANDEM MASS SPECTROMETRY (MS/MS)",1
"TANDEM REACTION",1
"TANNIN",1
"TAPENTADOL",5
"TAPENTADOL ABUSE LIABILITY",1
"TAPENTADOL IMMEDIATE RELEASE",1
"TAPENTADOL PR",1
"TARGET-INDUCED STRAND RELEASE",1
"TARGET METABOLOME",1
"TARGET POPULATION AGE: YOUTH, ADULTS",1
"TARGET POPULATION CIRCUMSTANCES: EDUCATION/INCOME LEVEL",1
"TASTE SENSOR",1
"TAXONOMIES",1
"TEA",2
"TEACHING CHEMISTRY",1
"TEMPERATURE",1
"TEMPLATE",1
"TENTATIVE IDENTIFICATION",1
"TERMINALIA CORIACEA",1
"TERNARY MATRIX",1
"TERPENES",6
"TERPENOID",1
"TERPENOID INDOLE ALKALOIDS",1
"TERPENOIDS",3
"TERRORISM",1
"TERT-BUTOXYCARBONYL-METHAMPHETAMINE (T-BOC-MP)",1
"TERT-BUTYL ALCOHOL",1
"TERTIARY AMINE N-OXIDES",1
"TESTING",1
"TESTOSTERONE",6
"TESTOSTERONE ESTERS",1
"TETRAHEDRAL AMORPHOUS CARBON",1
"TETRAHYDROCANNABINOL",18
"TETRAHYDROCANNABINOLIC ACID",1
"TETRAHYDROCANNABINOLIC ACID A",1
"TETRAHYDROCANNABINOLIC ACID SYNTHASE GENE",1
"TETRAHYDROFURAN",1
"TETRAHYDROFURAN VAPOURS SENSING",1
"TETRASUBSTITUTED ALKENES",1
"TEXT CLASSI-CATION",1
"TEXT CLUSTERING",1
"TEXT MINING",2
"TEXTILE IMPREGNATION",1
"TG-FTIR",1
"THAILAND",1
"THC-COOH",1
"THE TOR NETWORK",1
"THEBAINE",3
"THEBAINE 6-O-DEMETHYLASE",1
"THEBAOL",1
"THEORETICAL STUDY",1
"THERAPEUTIC",1
"THERAPY",1
"THERMAL ANALYSIS",3
"THERMAL DEGRADATION",1
"THERMAL DESORPTION",1
"THERMODYNAMIC STUDIES",1
"THERMODYNAMICS",2
"THERMOLYSIS",1
"THERMOLYTIC PRODUCTS",1
"THERMOMYCES LANUGINOSUS LIPASE",1
"THERMOSALIENT BEHAVIOUR",1
"THIAMINE DIPHOSPHATE",1
"THIENYL ANALOGUE OF CATHINONE",1
"THIN-LAYER CHROMATOGRAPHY–DENSITOMETRY",1
"THIN FILM MICRO-EXTRACTION",1
"THIN LAYER CHROMATOGRAPHY (TLC)",7
"THIORIDAZINE",1
"THIOTHINONE",1
"THIRD-GENERATION SCS",1
"THJ-018",1
"THRESHING RESIDUES",1
"THYMUS ALGERIENSIS",1
"TIANEPTINE",2
"TIME-DEPENDENT DENSITY FUNCTIONAL THEORY",1
"TIME-OF-FLIGHT MASS SPECTROMETRY",1
"TIME OF FLIGHT",2
"TIME OF FLIGHT-MASS SPECTROMETRY",1
"TIME SERIES ANALYSIS",2
"TIN NANORODS",1
"TISSUE",1
"TITANIUM",1
"TLC (THIN LAYER CHROMATOGRAPHY)",1
"TMS DERIVATIZATION",1
"TNMT",1
"TOBACCO",1
"TOCOPHEROLS",1
"TOLERABILITY",1
"TOLERANCE",1
"TOMOGRAPHY",1
"TOR",1
"TOR NETWORK",1
"TOTAL SYNTHESIS",3
"TOXICITY",8
"TOXICODYNAMICS",1
"TOXICOKINETICS",3
"TOXICOLOGY",7
"TRACE ANALYSIS",1
"TRACE CONCENTRATION",1
"TRACE DETECTION",1
"TRACE EVIDENCE",1
"TRACING",1
"TRADITIONAL",1
"TRADITIONAL CHINESE MEDICINE",4
"TRADITIONAL HERBAL MEDICINE",1
"TRADITIONAL MEDICINE",1
"TRADITIONAL PREPARATION",1
"TRAFFIC FATALITIES",1
"TRAFFICKERS",1
"TRAIL-RESISTANCE",1
"TRAINING",3
"TRAMADOL",24
"TRAMADOL-IMPRINTED POLYMER",1
"TRAMADOL-RELATED MORTALITY",1
"TRAMADOL CLASSIFICATION",1
"TRAMADOL HCL",1
"TRAMADOL HYDROCHLORIDE",6
"TRANSCRIPTION FACTORS",2
"TRANSCRIPTOME",1
"TRANSCRIPTOME ANALYSIS",1
"TRANSCRIPTOME DATA",1
"TRANSCRIPTOMES",1
"TRANSDERMAL FENTANYL",1
"TRANSDERMAL FENTANYL PATCHES",1
"TRANSFORMATION",1
"TRANSFORMATION PRODUCTS",1
"TRANSITION METAL DICHALCOGENIDES",1
"TRANSMUCOSAL DELIVERY",1
"TRANSPORT BEHAVIOUR",1
"TREATMENT ACCESS",1
"TREND ANALYSIS",2
"TRENDS",1
"TRIAGE",1
"TRIALKYLSILYLATION",2
"TRICHOME",1
"TRIMETHYLSILYLATION",1
"TRIPLE QUADRUPOLE",3
"TRIS(2,2'-BIPYRIDINE)RUTHENIUM",1
"TRISTIMULUS COLORIMETER",1
"TRITON X-114",1
"TRNL/TRNF LOCUS",1
"TROPANE ALKALOIDS",13
"TRYPSIN",1
"TRYPSIN DIGESTION",1
"TRYPTAMINE",5
"TRYPTAMINE DERIVATIVES",1
"TRYPTAMINES",4
"TRYPTOPHAN PATHWAY",1
"TRYPTOPHAN SYNTHASE",1
"TURNERA DIFFUSA",1
"TWINS LABELING",1
"TWITTER",7
"TWO-DIMENSIONAL CORRELATION SPECTROSCOPY",1
"TWO-DIMENSIONAL LIQUID CHROMATOGRAPHY TANDEM MASS SPECTROMETRY",1
"TWO-DIMENSIONAL NANOMATERIALS",1
"TWO-DIMENSIONAL RETENTION MODELLING",1
"TYROSINASE INHIBITON",1
"U-47700",5
"U-50488",1
"U-DRUGS",1
"U-HPLC–MS/MS",1
"U.S. EPA-PRIORITY HORMONES AND BISPHENOL A",1
"UGI REACTION",1
"UHPLC-DAD",1
"UHPLC-FLD",1
"UHPLC-MS/MS",1
"UHPLC-Q/TOF-MS",1
"UHPLC-QTOF-MS",1
"UHPLC–MS/MS",2
"ULTRA-FAST LIQUID CHROMATOGRAPHY",1
"ULTRA-HIGH-PERFORMANCE LIQUID CHROMATOGRAPHY",1
"ULTRA-HIGH-SPEED HPLC",1
"ULTRA-HIGH PERFORMANCE SUPERCRITICAL FLUID CHROMATOGRAPHY",2
"ULTRA-PERFORMANCE LIQUID CHROMATOGRAPHY–QUADRUPOLE TIME-OF-FLIGHT MASS SPECTROMETRY",1
"ULTRA HIGH-PERFORMANCE LIQUID CHROMATOGRAPHY",1
"ULTRA HIGH PERFORMANCE LIQUID CHROMATOGRAPHY",1
"ULTRA HIGH PERFORMANCE SUPERCRITICAL FLUID CHROMATOGRAPHY",1
"ULTRA PERFORMANCE LIQUID CHROMATOGRAPHY MASS SPECTROMETRY (UPLC-MS)",1
"ULTRAPERFORMANCE LIQUID CHROMATOGRAPHY-TANDEM MASS SPECTROMETRY",1
"ULTRASOUND-ASSISTED EXTRACTION",1
"ULTRASOUND ASSISTED EXTRACTION",1
"ULTRAVIOLET-VISIBLE SPECTROSCOPY",1
"ULTRAVIOLET DETECTION",1
"ULTRAVIOLET DISINFECTION",1
"UNCERTAINTIES",1
"UNCERTAINTY",2
"UNDECLARED ACTIVE PHARMACEUTICAL INGREDIENTS",1
"UNDECLARED DRUGS",1
"UNDER-REPORTING",1
"UNIFIED CALIBRATION",1
"UNIFORM DESIGN",1
"UNITED ARAB EMIRATES",1
"UNITED STATES",2
"UNIVERSITY STUDENTS",1
"UNSUPERVISED MACHINE LEARNING",1
"UNTARGETED ANALYSIS",1
"UPLC",3
"UPLC-ESI/MS/MS",1
"UPLC-MS/MS",1
"UPLC-MS/TOF",1
"UPLC-PDA",1
"UPLC-TOF",1
"UPLC-TQ/MS",1
"UPLC-TWIM-MS",1
"UPLC–MS/MS",1
"UPPER-DIVISION UNDERGRADUATE",1
"UR-144",1
"URBAN METABOLISM METROLOGY",1
"URCHIN LIKE AG@ PD SHELL NANO-HYBRIDS",1
"UREA",1
"URINALYSIS",2
"URINALYSIS AND HAIR ANALYSIS OF KETAMINE",1
"URINARY DETECTION",1
"URINE",13
"URINE DRUG SCREEN",1
"URINE SAMPLES",2
"URUGUAY",2
"US FOOD AND DRUG ADMINISTRATION",1
"USE",1
"USP APPARATUS 3",1
"UV",1
"UV-VISIBLE SPECTROSCOPY",1
"UV DETECTION",3
"UV SPECTROMETRY",1
"UV SPECTROPHOTOMETRY",1
"UV/VIS SPECTROPHOTOMETER",1
"UVA/UVB-PHOTODEGRADATION",1
"UZUNKÖPRÜ",1
"VALIDATED",1
"VALIDATION",9
"VALIDATION ASSAY",1
"VAN DEEMTER",1
"VAPE",1
"VAPING",4
"VAPOR PHASE INFRARED SPECTROSCOPY",1
"VAPOUR SAMPLING",1
"VARDENAFIL",1
"VARDENAFIL HYDROCHLORIDE",1
"VARDENAFIL HYDROCHLORIDE (VAR)",1
"VARIABILITY",1
"VARIOUS PH BUFFERS",1
"VCD SPECTROSCOPY",1
"VERIFICATION METHOD",1
"VETERINARY DRUG RESIDUE",1
"VETERINARY DRUGS",4
"VIAGRA",1
"VIAGRA®",2
"VIBRATIONAL SPECTRA",1
"VIBRATIONAL SPECTROSCOPY",3
"VICILIN-LIKE",1
"VINCA MINOR",1
"VIRTUAL SCREENING",1
"VITAMIN",1
"VITAMIN B1",1
"VOACANGINE",1
"VOCS",1
"VOLATILE CONSTITUENTS",1
"VOLATILE OIL",1
"VOLATILES",1
"VOLATILES ORGANIC COMPOUNDS",1
"VOLTAMMETRIC METHOD",1
"VOLTAMMETRIC SENSOR",2
"VOLTAMMETRIC TECHNIQUES",1
"VOLTAMMETRY",9
"VORICONAZOLE",1
"VORTIOXETINE",2
"VR-ENVIRONMENT",1
"VUV ABSORPTION SPECTROSCOPY",1
"WAR ON DRUGS",1
"WARFARIN",1
"WASHINGTON STATE",1
"WASTE PREVENTION",1
"WASTE WATER ANALYSIS",1
"WASTEWATER",28
"WASTEWATER-BASED EPIDEMIOLOGY",17
"WASTEWATER ANALYSIS",10
"WASTEWATER AND RECEIVING WATERS",1
"WASTEWATER EFFLUENTS",1
"WASTEWATER TREATMENT",2
"WASTEWATER TREATMENT PLANT",1
"WATER",3
"WATER-ALCOHOL EXTRACT",1
"WATER ANALYSIS",1
"WATER PURIFICATION PLANT",1
"WATER TREATMENT",2
"WAVELENGTH SELECTION",1
"WAVELET PCA",1
"WEAK CATION-EXCHANGE",1
"WEARABLE SENSORS",1
"WEB CONTENT MINING",1
"WEB SURVEY",1
"WEBSHOPS",2
"WEIGHT-LOSS DIETARY SUPPLEMENTS",1
"WEIGHT-LOSS DRUGS",1
"WEIGHT-LOSS SUPPLEMENTS",1
"WEIGHT GAIN",1
"WEIGHT LOSS",1
"WEIGHT LOSS COMPOUNDS",1
"WEIGHT LOSS PRODUCTS",1
"WEIGHT LOSS SUPPLEMENT",1
"WEIGHT MANAGEMENT SUPPLEMENT",1
"WEIGHT REDUCING HERB",1
"WEST INDIES",1
"WESTERN HIMALAYA",1
"WHOLE-CELL BIOTRANSFORMATION",1
"WHOLE BLOOD SAMPLES",1
"WICKERHAMOMYCES SUBPELLICULOSUS",1
"WINE",2
"WITHDRAWAL",1
"WORD EMBEDDINGS",1
"WORK FUNCTION",1
"WORKPLACE",1
"WWTP",1
"X-RAY CRYSTALLOGRAPHY",4
"X-RAY POWDER DIFFRACTION",4
"XANTHAN GUM",1
"XENOBIOTICS",1
"XTAMPZA ER",1
"XYLARIA NIGRIPES",1
"XYLAZINE",1
"YEAST",3
"YIELD",1
"YOHIMBINE",1
"YOUTUBE",2
"Z-DRUGS",1
"ZEBRAFISH",1
"ZNCRFEO4",1
"ZNO-MWCNT NANOCOMPOSITES",1
"ZOLPIDEM",4
"ZOLPIDEM TARTRATE",2
"ZOPICLONE",4
"ZOPICLONE, CHIRAL SWITCHING",1
"ZR-BASED METAL-ORGANIC FRAMEWORK NANOSHEETS",1
"ZWITTERIONIC SELECTOR",1
